QPd01OQqbOIiDoO1dbdo1IIbb60bqPdl	愛言葉	https://zenius-i-vanisher.com/simfiles/DanceDanceRevolution%20A%20%28AC%29%20%28International%29/Ai%20kotoba/Ai%20kotoba.sm
OboID1PloIIoOOObQdQOP110I61Ddl9I	蒼い衝動 ～for EXTREME～	
918oPDQDoPlD1OlqlqQI08I6dD9iqoil	朝色の紙飛行機	
16bl8D8lOddP9Obq0OIlOI6q8Pi1l9O0	天ノ弱	https://zenius-i-vanisher.com/simfiles/DanceDanceRevolution%20A%20%28AC%29%20%28International%29/Ama%20no%20jyaku/Ama%20no%20jyaku.sm
06O0ObdQobq86lPDo6P18dQ1QPdilIQO	妖隠し -あやかしかくし-	
d0DDd1dP6llPbioqPdiQ0IDd918bDqI8	ありふれたせかいせいふく	https://zenius-i-vanisher.com/simfiles/DanceDanceRevolution%20A%20%28AC%29%20%28International%29/Arifureta%20sekai%20seifuku/Arifureta%20sekai%20seifuku.sm
8bQQ0lP96186D8Ibo8IoOd6o16qioiIo	アルストロメリア (walk with you remix)	
1d9lDIl6iiiD0D0d8qd6dlDlq6P8o0QI	阿波おどり -Awaodori- やっぱり踊りはやめられない	
Oq900IIl1Ob8qoIPqDP0PD6blbqIqlP1	いーあるふぁんくらぶ	https://zenius-i-vanisher.com/simfiles/DanceDanceRevolution%20A%20%28AC%29%20%28International%29/Yi-er%20fanclub/Yi-er%20fanclub.sm
61oIP0QIlO90d18ObDP1Dii6PoIQoOD8	イーディーエム・ジャンパーズ	https://zenius-i-vanisher.com/simfiles/DanceDanceRevolution%20A%20%28AC%29%20%28International%29/EDM%20jumpers/EDM%20jumpers.sm
ibI0QllidqQ089ql8dob6bIoodbbIoqq	怒れる大きな白い馬	
16IqQ680IioldO69QD61liQod0DQ8boQ	色は匂へど散りぬるを	https://zenius-i-vanisher.com/simfiles/DanceDanceRevolution%20A%20%28AC%29%20%28International%29/Iro%20wa%20nio%20e%20do%20chirinuru%20wo/Iro%20wa%20nio%20e%20do%20chirinuru%20wo.sm
bd8oD0iqDQ8Qobd1oIqi8981QbD6I6Iq	エイリアンエイリアン	https://zenius-i-vanisher.com/simfiles/DanceDanceRevolution%20A%20%28AC%29%20%28International%29/Alien%20Alien/Alien%20Alien.sm
80PdqQ0iiOQb9i91lIliodiO9PI8O609	エキサイティング！！も・ちゃ・ちゃ☆	https://zenius-i-vanisher.com/simfiles/DanceDanceRevolution%20A%20%28AC%29%20%28International%29/Exciting%21%21%20Mo-cha-cha/Exciting%21%21%20Mo-cha-cha.sm
oQolO9oOO01ll0I8969i8O1IQliloDqP	エンドルフィン	
lqI8DD9Plq6IO8P8P6Pl8Di98DlI9oP8	おーまい！らぶりー！すうぃーてぃ！だーりん！	https://zenius-i-vanisher.com/simfiles/DDR%20A20%20%28Beta%29/Oh%20my%21%20lovely%21%20sweety%21%20darling%21/Oh%20my%21%20lovely%21%20sweety%21%20darling%21.sm
9I00D9Id61iD6QP8i8Dd6698PoQ9bdi9	お米の美味しい炊き方、そしてお米を食べることによるその効果。	
ilD80b8QQl9Qo0PP0lQ00b8bO9Oqoobo	御千手メディテーション	
i91q8l0bbi8qll000ob6qDiQP891iiql	乙女繚乱 舞い咲き誇れ	
qdQoQli1d8DP0Obb919I6P1Odilib1Dd	おねがいダーリン	https://zenius-i-vanisher.com/simfiles/DanceDanceRevolution%20A%20%28AC%29%20%28International%29/Onegai%20darling/Onegai%20darling.sm
I96dOqqqQIi9oiqbqDPbQ8I8PQbqOb1o	朧	https://zenius-i-vanisher.com/simfiles/DanceDanceRevolution%20A%20%28AC%29%20%28International%29/Oboro/Oboro.sm
oPP1Pdl6Qdlb8oq10PP1doDibdbbl9bl	朧 (dj TAKA Remix)	https://zenius-i-vanisher.com/simfiles/DanceDanceRevolution%20A%20%28AC%29%20%28International%29/Oboro%20%28dj%20TAKA%20Remix%29/Oboro%20%28dj%20TAKA%20Remix%29.sm
0Ib6qIb0iPOoQqqDIl90dP0PI0o9QlDd	女言葉の消失	
l9lq19DdiD8qQPoPOlboi1qQii0IQI86	革命	
qIqqdd1Odqi1Iiolq9qqPOi0bPPld8Pb	革命(X-Special)	
l1lO999PqIboPQOD86PDQo1ol1iIiiOi	革命パッショネイト	https://zenius-i-vanisher.com/simfiles/DDR%20A20%20%28Beta%29/Kakumei%20passionate/Kakumei%20passionate.sm
ql1Q8P100IIlbl0Pdi08I8qD900idqQq	カゲロウ	
id1lodDbo0Iq9088Qd19d1OlDPP01D8o	からふるぱすてる	
i89IO1PPOl0boOol0bQI19Q9liQ0l6O1	キケンな果実	
QIDd80o0OqobODP00ldQ1D9dl81qQi0d	きゅん×きゅんばっきゅん☆LOVE	https://zenius-i-vanisher.com/simfiles/DanceDanceRevolution%20A%20%28AC%29%20%28International%29/Kyun%20kyun%20bakkyun%20LOVE/Kyun%20kyun%20bakkyun%20LOVE.sm
QoDQ0oq08QqiI0DQ8dIPb10qIi6d6i89	腐れ外道とチョコレゐト	https://zenius-i-vanisher.com/simfiles/DDR%20A20%20%28Beta%29/Kusare%20gedou%20to%20chocolate/Kusare%20gedou%20to%20chocolate.sm
8Q8OiP8QPbl8bqID1loQq896ldPQd99o	倉野川音頭	https://zenius-i-vanisher.com/simfiles/DanceDanceRevolution%20A%20%28AC%29%20%28International%29/Kuranogawa%20ondo/Kuranogawa%20ondo.sm
q6iD8idqo69qIPl00IQidoq1o1o1d1b9	クリムゾンゲイト	
16oDDIlP8bIODQ6Ql0881d9Qqdb19b98	黒髪乱れし修羅となりて～凛 edition～	https://zenius-i-vanisher.com/simfiles/DanceDanceRevolution%20A%20%28AC%29%20%28International%29/Kurokami%20midareshi%20shura%20to%20narite%20~Rin%20edition~/Kurokami%20midareshi%20shura%20to%20narite%20~Rin%20edition~.sm
IbDoODD9qb66Iqd6DbOQiOoDll1DqiO9	君氏危うくも近うよれ	https://zenius-i-vanisher.com/simfiles/DanceDanceRevolution%20A%20%28AC%29%20%28International%29/Kunshi%20ayauku%20mo%20chikou%20yore/Kunshi%20ayauku%20mo%20chikou%20yore.sm
Pd1d96Q91oiboqb86DdddD68dbq81Pdo	激アツ☆マジヤバ☆チアガール	
qiDOD0iidOli9l0qbP6IbOD19OQ8D8Po	月光蝶	
QlID98Ddoi6O8lP8IQd6iid610011l60	幻想系世界修復少女	
I1qd16dPdqPi96ql0lP10OQDbo11D89P	恋時雨	https://zenius-i-vanisher.com/simfiles/DanceDanceRevolution%20A%20%28AC%29%20%28International%29/Koishigure/Koishigure.sm
Q9Q088PPd0bPi9QQ8iil1lQqPdiQP69D	恋する☆宇宙戦争っ!!	https://zenius-i-vanisher.com/simfiles/DanceDanceRevolution%20A%20%28AC%29%20%28International%29/Koisuru%20uchuu%20sensou%21%21/Koisuru%20uchuu%20sensou%21%21.sm
i9il1DIDl91Db0OdllOddIqO600Pl89q	恋のパズルマジック	https://zenius-i-vanisher.com/simfiles/DanceDanceRevolution%20A%20%28AC%29%20%28International%29/Koi%20no%20puzzle%20magic/Koi%20no%20puzzle%20magic.sm
qilOP8l6bDPi98lqDbO6O1obOi068QOQ	恋はどう？モロ◎波動OK☆方程式！！	
bo9l0Dl0PbqQQQ16Qq6bOOi68o0996Pq	紅焔	
qbbPQoqqqiPd98d61P0qDd0iDId6OqoQ	この青空の下で	https://zenius-i-vanisher.com/simfiles/DanceDanceRevolution%20A%20%28AC%29%20%28International%29/Kono%20aozora%20no%20shita%20de/Kono%20aozora%20no%20shita%20de.sm
9idOOIdDO01D8PO06bOPPbOIOoiQ8O0P	この子の七つのお祝いに	
O9qDQOQO8dDDIiO9dPP0Pb8qQo9l89D9	最小三倍完全数	https://zenius-i-vanisher.com/simfiles/DDR%20A20%20%28Beta%29/Saishou%20sanbai%20kanzensuu/Saishou%20sanbai%20kanzensuu.sm
911lId0IooIOq1oDPoQ0iQiDiOIbd6oo	桜	
doIiQl6oDPP6i9qobqoobblPQqPiI9bD	サナ・モレッテ・ネ・エンテ	
1P9bqO00bIQ0q8d1Q80l0Dq8oi6boqb0	さよならトリップ ～夏陽 EDM edition～	https://zenius-i-vanisher.com/simfiles/DanceDanceRevolution%20A%20%28AC%29%20%28International%29/Sayonara%20trip%20~Natsuhi%20EDM%20edition~/Sayonara%20trip%20~Natsuhi%20EDM%20edition~.sm
D11ldIqD8dQIi9oQQIIo86QOI8D9olP8	幸せになれる隠しコマンドがあるらしい	https://zenius-i-vanisher.com/simfiles/DanceDanceRevolution%20A%20%28AC%29%20%28International%29/Shiawase%20ni%20nareru%20kakushi%20command%20ga%20arurashii/Shiawase%20ni%20nareru%20kakushi%20command%20ga%20arurashii.sm
oQ8oqddQOObiq0ldo68i1d6o1IidObi6	雫	
OoQoQIP06Doq1d88dDQQdlQ8i68Do9DO	漆黒のスペシャルプリンセスサンデー	
0d8Q9I86lo8oDlQiPd81ll66ob0qli89	しゃかりきリレーション	https://zenius-i-vanisher.com/simfiles/DanceDanceRevolution%20A%20%28AC%29%20%28International%29/Shakariki%20relation/Shakariki%20relation.sm
6dO6i9qq601D8ild9QIlbO8bodbiQ1Pl	灼熱Beach Side Bunny	
lIlold9IQbDb0d6IdP6600DOQIDb9dOP	十二星座の聖域	https://zenius-i-vanisher.com/simfiles/DanceDanceRevolution%20A%20%28AC%29%20%28International%29/Juuniseiza%20no%20seiiki/Juuniseiza%20no%20seiiki.sm
DIiQbd09D0PoIiPl9iP1q8qldOOqol8i	シュレーディンガーの猫	http://zenius-i-vanisher.com/simfiles/DanceDanceRevolution%20A%20%28AC%29%20%28International%29/Schrodinger%20no%20neko/Schrodinger%20no%20neko.sm
dlqPb1iqPo81qI89816QIoi01b1b0P06	春風ブローインウィンド	https://zenius-i-vanisher.com/simfiles/DanceDanceRevolution%20A%20%28AC%29%20%28International%29/Shunpuu%20blowing%20wind/Shunpuu%20blowing%20wind.sm
qoidddb08iIoDOo9DQoO0loPl8lPQ81o	スイーツはとまらない♪	https://zenius-i-vanisher.com/simfiles/DDR%20A20%20%28Beta%29/Sweets%20wa%20tomaranai/Sweets%20wa%20tomaranai.sm
PldO10PIiQ6lOiI16o060OQIiq69QO96	すきなことだけでいいです	https://zenius-i-vanisher.com/simfiles/DDR%20A20%20%28Beta%29/Sukina%20koto%20dakede%20ii%20desu/Sukina%20koto%20dakede%20ii%20desu.sm
80d8obPdlobP9qlqiDb01999o01q6DdP	ずっとみつめていて (Ryu☆Remix)	
ibI69PPO1iP0D1IlI0bb11QOq6081POo	隅田川夏恋歌	
666ObIO9bO8D8q8q08I1OQo96DdIbbiO	すろぉもぉしょん	https://zenius-i-vanisher.com/simfiles/DanceDanceRevolution%20A%20%28AC%29%20%28International%29/SLoWMoTIoN/SLoWMoTIoN.sm
ld8lOqloqD6lOl880ldDo819bDb9q1Qi	星座が恋した瞬間を。	https://zenius-i-vanisher.com/simfiles/DanceDanceRevolution%20A%20%28AC%29%20%28International%29/Seiza%20ga%20koishita%20shunkan%20wo/Seiza%20ga%20koishita%20shunkan%20wo.sm
I8diIQiPO90qDD60oQ0o669I99dI69DD	晴天Bon Voyage	
IQ0ID09qD6O1oOdIq0oilI8I8l9DlP9b	セツナトリップ	
bq8DOQ9Idq9Ii9PQ1bqPIQoQPl961d1o	零 - ZERO -	
D0Qb898oqblPoP68PPq1o9i9dI9o0D9i	千年ノ理	https://zenius-i-vanisher.com/simfiles/DanceDanceRevolution%20A%20%28AC%29%20%28International%29/Sennen%20no%20kotowari/Sennen%20no%20kotowari.sm
9obIQOP8O1l0PQ0Oi1oPQI198o0Pd81o	創世ノート	
P869didbP8Q69IQ0dIqo1ibOb0bb99Q1	宇宙(ソラ)への片道切符	https://zenius-i-vanisher.com/simfiles/DanceDanceRevolution%20A%20%28AC%29%20%28International%29/Sora%20e%20no%20katamichi%20kippu/Sora%20e%20no%20katamichi%20kippu.sm
Q9l0i6DPO08obldq101ldDioiqdIDqlq	タイガーランペイジ	https://zenius-i-vanisher.com/simfiles/DDR%20A20%20%28Beta%29/Tiger%20rampage/Tiger%20rampage.sm
I8lidoibqQqoQOqiDi6QiDbP9DIdd989	大見解	
P8DoiO0QO6Qb8iiP9D1IQ080lQQPD6ll	闘え！ダダンダーンＶ	https://zenius-i-vanisher.com/simfiles/DanceDanceRevolution%20A%20%28AC%29%20%28International%29/Tatakae%21%20Dadandarn%20V/Tatakae%21%20Dadandarn%20V.sm
DDDiQOd1IQQ6QIIq09PDqdQdDIll6bQI	打打打打打打打打打打	https://zenius-i-vanisher.com/simfiles/DanceDanceRevolution%20A%20%28AC%29%20%28International%29/Dadadadadadadadadada/Dadadadadadadadadada.sm
POoldOddQl9Dbq8b6iOP0iPoQd6IdOPl	男々道	
I9iODl9bl1d8PilOilii9Dd19PP6QI66	チカラ	
biqbD9I9q9D16i0i1Idb9d111l1QDq86	ちくわパフェだよ☆CKP	
91dD6iqPO066do99169POPbQPbo9o6oq	地方創生☆チクワクティクス	
lIQ1608o9O6bdoPO0ooi8io8i6q6bO1b	ちゅ～いん☆バニー	
iQP6PI8oDQi1OPQObDQO1IIP9I8i0I1o	チョコレートスマイル	
P66d8iQQIIQO96qoDdIqi9l19i69D9Dq	チルノのパーフェクトさんすう教室	https://zenius-i-vanisher.com/simfiles/DanceDanceRevolution%20A%20%28AC%29%20%28International%29/Cirno%27s%20Perfect%20Math%20Class/Cirno%27s%20Perfect%20Math%20Class.sm
Q96Qo0qbQ81odQoqPOOQ98oDbo6Pb1IO	チルノのパーフェクトさんすう教室 (EDM REMIX)	https://zenius-i-vanisher.com/simfiles/DanceDanceRevolution%20A%20%28AC%29%20%28International%29/Cirno%27s%20Perfect%20Math%20Class%20%28EDM%20REMIX%29/Cirno%27s%20Perfect%20Math%20Class%20%28EDM%20REMIX%29.sm
lQ86Pod1b9oI8OiDDoId099di9OI8d9I	デッドボヲルdeホームラン	
D68PQib86POo9D6O8Q0qO8bD6bDb1bdl	天空の華	
OQbPdOIo6dPPIq6d8qid6DbPP0q991i6	天上の星～黎明記～	
QoODOoqDli0bOoqqDo8ODo1lDI9llblo	ドーパミン	
Dlq6qdP1bOPDObbbQQ6b8iPbd1ODq69P	どきドキ バレンタイン	https://zenius-i-vanisher.com/simfiles/DDR%20A20%20%28Beta%29/Dokidoki%20Valentine/Dokidoki%20Valentine.sm
QoId0biOD18610ii0DDP61QqOl6qq86q	ドキドキ☆流星トラップガール!!	
oDQqbI86bdlqbiO1dbiDP0PDd91bI6iP	毒占欲	https://zenius-i-vanisher.com/simfiles/DDR%20A20%20%28Beta%29/Dokusenyoku/Dokusenyoku.sm
q1qI0QibDDP6oPdl8DlIlPo80DqDd66P	突撃！ガラスのニーソ姫！	
II8Dlo69PoPOII9P88qdlQPP8I61DlDo	轟け！恋のビーンボール！！	
liq91ddlPQ16iooqDDQ86qlodIO10Qb1	ナイト・オブ・ナイツ	https://zenius-i-vanisher.com/simfiles/DanceDanceRevolution%20A%20%28AC%29%20%28International%29/Night%20of%20knights/Night%20of%20knights.sm
q0QIob1PDI6IP86dlPb6I6il9d6bP606	†渚の小悪魔ラヴリィ～レイディオ†	
Pi69o0idP1obO9QDqIDbPdqlb90q8Dq8	嘆きの樹	
iIPq9q8PQDDObo610oQoi0ob96PDi8li	夏色DIARY -DDR mix-	
Io1D1l9QiDo6IDObd8qo1Q9lQ6iollQ9	虹色	
Dl690bPIlIq0Ol1PdPbb9QO0I66lIqO0	虹色の花	
P160qOD09PQoOPI6iIOO69qDoqQl1qDQ	熱情のサパデアード	https://zenius-i-vanisher.com/simfiles/DDR%20A20%20%28Beta%29/Netsujou%20no%20zapadeado/Netsujou%20no%20zapadeado.sm
oOOI98q81oQQQP88d6Q6qlbl8QI9d0dI	脳漿炸裂ガール	https://zenius-i-vanisher.com/simfiles/DanceDanceRevolution%20A%20%28AC%29%20%28International%29/Nou%20shou%20sakuretsu%20girl/Nou%20shou%20sakuretsu%20girl.sm
lO8O011qIqioPDi9d0oib09DDDPIbqOI	爆なな☆てすとロイヤー	
QlQ9Qb00bI0ob9oDIiPqO1QdQ0o6O0O6	初音ミクの消失	https://zenius-i-vanisher.com/simfiles/DanceDanceRevolution%20A%20%28AC%29%20%28International%29/Hatsune%20Miku%20no%20shoushitsu/Hatsune%20Miku%20no%20shoushitsu.sm
l1bDOIlb6ddI6od0q1llI0I6blq9oP0l	ハッピーシンセサイザ	https://zenius-i-vanisher.com/simfiles/DanceDanceRevolution%20A%20%28AC%29%20%28International%29/Happy%20synthesizer/Happy%20synthesizer.sm
6doo1dQ16Ol86oIbQ19PPldI8lIbP0OI	はなまるぴっぴはよいこだけ	
6iq1dqQ1PDQlDO0bio0l89oDDDi6b0oD	華爛漫 -Flowers-	
Q86b6I1Qi6Q918l6iOoOQl866oQoIQOi	ハピ恋☆らぶりぃタイム!!	https://zenius-i-vanisher.com/simfiles/DanceDanceRevolution%20A%20%28AC%29%20%28International%29/Happy%20koi%20lovely%20time%21%21/Happy%20koi%20lovely%20time%21%21.sm
668Q8qQdqoIQQiIQOilDqd8lDOOQ8bDQ	パ→ピ→プ→Yeah!	
ibdIdIO60b880i8oPOdQD9qIqldOdDl8	ハルイチバン	https://zenius-i-vanisher.com/simfiles/DanceDanceRevolution%20A%20%28AC%29%20%28International%29/Haru%20ichiban/Haru%20ichiban.sm
D16P668Q8loqIoDo1IdoIlIloiIoIDll	*ハロー、プラネット。	https://zenius-i-vanisher.com/simfiles/DanceDanceRevolution%20A%20%28AC%29%20%28International%29/Hello%2C%20planet/Hello%2C%20planet.sm
160Oo1q8DolI6068lQi66OQbQ9Q8ODQI	バンブーソード・ガール	
1Q809666i9oblO8qO688OiD6OIbiP0Oq	ヒカリユリイカ	https://zenius-i-vanisher.com/simfiles/DDR%20A20%20%28Beta%29/Hikari%20eureka/Hikari%20eureka.sm
1qdb8P8il9li6DOdPolq9d0d9Q6898oi	ビビットストリーム	
Ibd8d0bllqOo61lqlQPd8lP01D0Qb9o6	ヒマワリ	
I6Dd0QIi086il1918dQI6dq0l1d9ibD0	向日葵サンセット	https://zenius-i-vanisher.com/simfiles/DanceDanceRevolution%20A%20%28AC%29%20%28International%29/Himawari%20sunset/Himawari%20sunset.sm
Qb1db18qP1Ib6liPI1668Pq8QPb0QO09	ビューティフル レシート	
0Qb8PDoQ06Q66obPI1P988oI61ioPb6l	フー・フローツ	
oOI18qilo91qPQl9Q0l9iliO96Pi6DIi	風鈴花火	https://zenius-i-vanisher.com/simfiles/DanceDanceRevolution%20A%20%28AC%29%20%28International%29/Fuurin%20hanabi/Fuurin%20hanabi.sm
i8O81i0iQdqiI8qqP0oo8IPl9IoId1bO	不沈艦CANDY	
id0QqdbI8oloO9l08IqI9q1D0819OQID	無頼ック自己ライザー	https://zenius-i-vanisher.com/simfiles/DanceDanceRevolution%20A%20%28AC%29%20%28International%29/Buraikku%20jikorizer/Buraikku%20jikorizer.sm
dDlDPddq08iD8IOb9I1PbODP9696966D	プレインエイジア -PHQ remix-	https://zenius-i-vanisher.com/simfiles/DanceDanceRevolution%20A%20%28AC%29%20%28International%29/Plain%20Asia%20-PHQ%20remix-/Plain%20Asia%20-PHQ%20remix-.sm
qD6P1ldl09Dqq8QP01bbid0b9IdqobPl	ベィスドロップ・フリークス	https://zenius-i-vanisher.com/simfiles/DanceDanceRevolution%20A%20%28AC%29%20%28International%29/Bassdrop%20freaks/Bassdrop%20freaks.sm
ObbOibP0ll9I00di6i9oO1qlIQbdD0ql	ベビーステップ	https://zenius-i-vanisher.com/simfiles/DDR%20A20%20%28Beta%29/Baby%20step/Baby%20step.sm
PqOilI0ql6QDID6oo0Qb9iDo1doqQqPQ	放課後ストライド	https://zenius-i-vanisher.com/simfiles/DanceDanceRevolution%20A%20%28AC%29%20%28International%29/Houkago%20stride/Houkago%20stride.sm
I0qiD6Ob86D1oQOib81lID6Dll8iOOOP	ホーンテッド★メイドランチ	https://zenius-i-vanisher.com/simfiles/DDR%20A20%20%28Beta%29/Haunted%20maid%20lunch/Haunted%20maid%20lunch.sm
dP88i6I9b9QPQDPPO90POOIo0Il6QloI	星屑のキロク	
DoQi6oPoD9DlO0898oo0ol0qoo6891Db	ホメ猫☆センセーション	
0ddPq801D8PiiqO1oqoQbdOIQ9lQl11o	マインド・ゲーム	
8i9llqdbQ6qP611I90lldPq1o1oQl69o	魔法のたまご ～心菜 ELECTRO POP edition～	https://zenius-i-vanisher.com/simfiles/DanceDanceRevolution%20A%20%28AC%29%20%28International%29/Mahou%20no%20tamago%20~Cocona%20ELECTRO%20POP%20edition~/Mahou%20no%20tamago%20~Cocona%20ELECTRO%20POP%20edition~.sm
PloPqd6Q19Q990dl16I0Qi06i0l8o168	魔理沙は大変なものを盗んでいきました	https://zenius-i-vanisher.com/simfiles/DanceDanceRevolution%20A%20%28AC%29%20%28International%29/Marisa%20wa%20taihen%20na%20mono%20wo%20nusunde%20ikimashita/Marisa%20wa%20taihen%20na%20mono%20wo%20nusunde%20ikimashita.sm
dOblQOoDb96l00dqPlIb9DQl86q9PboI	回レ！雪月花	
96d9qiDD8l09DQq6O1DO6O6I1IdP8q0D	未完成ノ蒸氣驅動乙女 (DDR Edition)	https://zenius-i-vanisher.com/simfiles/DDR%20A20%20%28Beta%29/Mikansei%20no%20jouki%20kudou%20otome%20%28DDR%20Edition%29/Mikansei%20no%20jouki%20kudou%20otome%20%28DDR%20Edition%29.sm
Dl69Pb9OQDlbOi80OQdIObiQ1Q08Dlqo	三毛猫ロック	
06DO8bb0O891IQ9QP01diqOOl0D80QbO	ミッドナイト☆WAR	https://zenius-i-vanisher.com/simfiles/DDR%20A20%20%28Beta%29/Midnight%20WAR/Midnight%20WAR.sm
D686d06lO9IID8D0boPq0Pd8P89idO99	未来（ダ）FUTURE	https://zenius-i-vanisher.com/simfiles/DDR%20A20%20%28Beta%29/Mirai%20%28da%29%20FUTURE/Mirai%20%28da%29%20FUTURE.sm
811o6o1QPP0lPiolI1ObiD99l08o1dQl	ミライプリズム	
DQO6qbiP6dldo6IIqlob9i8dqiqOio6o	夢幻ノ光	
iqiqod1l08DlDql98QOi10oibldd8b86	冥	
db1DlQ9qqI8PiqPD6q88O1P8PDbP11dq	めうめうぺったんたん！！	
Qq6D900bD60PddqqbdQb96Pd60918100	滅亡天使 † にこきゅっぴん	
I6q1PQ1D1Dblli8Iilo9ood8DbbQlb8O	妄想感傷代償連盟	https://zenius-i-vanisher.com/simfiles/DDR%20A20%20%28Beta%29/Mousou%20kanshou%20daishou%20renmei/Mousou%20kanshou%20daishou%20renmei.sm
b9QiIQ18b6o1bqPdqI6lI1OIqboPIDI9	妄想税	https://zenius-i-vanisher.com/simfiles/DanceDanceRevolution%20A%20%28AC%29%20%28International%29/Mousou%20zei/Mousou%20zei.sm
1dq6Oq918dIQb1doqQdbiPPPO9lIdl0P	野球の遊び方　そしてその歴史　～決定版～	
Q8Q6d00DoIiPolOb9PIO0Pll96O0I1qD	ヤマトなでなで♡かぐや姫	
od66Qb16lI019I06lllII811I9ol6l0i	ようこそジャパリパークへ	https://zenius-i-vanisher.com/simfiles/DanceDanceRevolution%20A%20%28AC%29%20%28International%29/Youkoso%20Japari%20Park%20e/Youkoso%20Japari%20Park%20e.sm
OoqbDO180q18oqi1ooO1QIdOoOPl69b1	ライアーダンス	https://zenius-i-vanisher.com/simfiles/DDR%20A20%20%28Beta%29/Liar%20dance/Liar%20dance.sm
0bDqIO9Q0PPIPlPll1D8Pbol9O6DlPdb	ラキラキ	
D08qoOdPd8iOO916bOPIIIdqPP6O00iP	ラクガキスト	
D08lqQOPdOO6D6ll690Qd6PdbO111011	ランカーキラーガール	https://zenius-i-vanisher.com/simfiles/DDR%20A20%20%28Beta%29/Ranker%20killer%20girl/Ranker%20killer%20girl.sm
oQ9QDQ6I9oo9DP8Oi86id61o9Pbbl9bD	繚乱ヒットチャート	
QQOOldqQ8QQDQ06i81d9DP9PlOlo1lqq	凛として咲く花の如く	
o91qiqqDi9b6d6l1dQ6qO6oO0QDIlPql	凛として咲く花の如く ～ひなビタ♪ edition～	
91qD6DbDqi96qbIO66oboliPD8IPP6io	輪廻転生	https://zenius-i-vanisher.com/simfiles/DanceDanceRevolution%20A%20%28AC%29%20%28International%29/Rinnetensei/Rinnetensei.sm
dqOoPll1qlDdo6Pd6O0DPPO6l16OIdD1	ルミナスデイズ	https://zenius-i-vanisher.com/simfiles/DanceDanceRevolution%20A%20%28AC%29%20%28International%29/Luminous%20days/Luminous%20days.sm
illQ66d0QlbDl18OOb8P0ODD0oDP19PQ	令和	https://zenius-i-vanisher.com/simfiles/DDR%20A20%20%28Beta%29/Reiwa/Reiwa.sm
iP8ll9I0dd8d689PPqlI9008d06io09q	恋愛観測	https://zenius-i-vanisher.com/simfiles/DanceDanceRevolution%20A%20%28AC%29%20%28International%29/Renai%20kansoku/Renai%20kansoku.sm
lOb8O16P9P81olPdI1o1Dl9I6QQoIqIP	恋閃繚乱	
DOQbd61o6P0oq968Po0oqP01qPQ8lPdq	ロールプレイングゲーム	https://zenius-i-vanisher.com/simfiles/DanceDanceRevolution%20A%20%28AC%29%20%28International%29/Role-playing%20game/Role-playing%20game.sm
Ol01P9IIoDIOldo8IQI0l6bd9lb9q0oo	六兆年と一夜物語	https://zenius-i-vanisher.com/simfiles/DanceDanceRevolution%20A%20%28AC%29%20%28International%29/Rokuchounen%20to%20ichiya%20monogatari/Rokuchounen%20to%20ichiya%20monogatari.sm
1OQd9o01Oq6Q018POOdlqodQ6bqDPOob	炉心融解	https://zenius-i-vanisher.com/simfiles/DanceDanceRevolution%20A%20%28AC%29%20%28International%29/Roshin%20yuukai/Roshin%20yuukai.sm
Q6b1odD8q99D190oP6ol01DolQPD0OdD	ロストワンの号哭	http://zenius-i-vanisher.com/simfiles/DanceDanceRevolution%20A%20%28AC%29%20%28International%29/Lost%20one%20no%20goukoku/Lost%20one%20no%20goukoku.sm
9O8bq8b1Pi6Dl08OiPq10OddOdol1qOi	ロンロンへ　ライライライ！	https://zenius-i-vanisher.com/simfiles/DanceDanceRevolution%20A%20%28AC%29%20%28International%29/Ronron%20e%20rairairai%21/Ronron%20e%20rairairai%21.sm
P0IoP69l6q08q8DoPD1Q8bqq099Pi1iP	海神	
oIb699q80OIPdlP0odl6bqbD0PlQodOq	A	
0DDo1ilPDQoIoPd8ol9OPO1IPbi9ii6d	AA	
dQoqo68881IiO9i00bP0q1lOD6i1PdD8	A Brighter Day	
qdi88l6bo1Iqi9Qiqli8lIQQIPO1doQ9	ABSOLUTE	
Q0qQO0P8818lIoo0boO66O0qd09dIlO8	Abyss	
ld6P1lbb0bPO9doqbbPOoPb8qoDo8id0	ACE FOR ACES	https://zenius-i-vanisher.com/simfiles/DanceDanceRevolution%20A%20%28AC%29%20%28International%29/ACE%20FOR%20ACES/ACE%20FOR%20ACES.ssc
l61ldlPo1DQ081860O86D0Qo0qdOd0qP	Ace out	http://zenius-i-vanisher.com/simfiles/DDR%20A20%20%28Beta%29/Ace%20out/Ace%20out.sm
O6I9ioqii8i6I1DIb1PqOD6q0ooo8bDo	Across the nightmare	
o81iq91q6lI6OODP9Pb9OboDlQD9Q08d	ACROSS WORLD	
IQ6I61i1b0Ob01QiQlld8o09iIQPoPOl	Adularia	
l6d0ibbliQPQDdb1lP18D9qbPDi1698b	ÆTHER	
Pd99DQo0bD9D9oIbPIId18P6l8qlDQO6	AFRONOVA	
P01qbiIoO6dqIIqo6Db9dqq1bI6ddbqI	AFRONOVA(X-Special)	
DdO1iboqI6980Q6QPD9P1PbQQ88I16lq	AFRONOVA(FROM NONSTOP MEGAMIX)	
18911Q6o6do9Dd1blIo6IliPd0PPb99i	AFRONOVA PRIMEVAL	
blld8o09oQo80PIIoIdbP9688DIqlbdb	Afterimage d'automne	https://zenius-i-vanisher.com/simfiles/DDR%20A20%20%28Beta%29/Afterimage%20d%27automne/Afterimage%20d%27automne.sm
o6qi6idD9oqIdi81ldQlODqIqIiqlD1d	aftershock!!	
Qo9P1oOoDQIoOb8Dd0PdOdoD1D1Pbd8D	AFTER THE GAME OF LOVE	
l0QP6DiIDIId0oiQiOl8q10DlI96OPiO	A Geisha's Dream	
Ilqd06QqoQd9IlQobq9idPqb1111Q96b	Ah La La La	
il6PIiDq11dD1981dQ00918D96lPQ0iQ	air	
6obQo6d0oQ6QoQql0I60b81IO8IOl1IO	Air Heroes	
ddq1DldlQ990iidO6O99q61bI1966Q0I	ALGORITHM	https://zenius-i-vanisher.com/simfiles/DanceDanceRevolution%20A%20%28AC%29%20%28International%29/ALGORITHM/ALGORITHM.sm
oIPb0iPd8OdDD181dQd8OI18OQDl01QO	ALL MY HEART -この恋に、わたしの全てを賭ける-	https://zenius-i-vanisher.com/simfiles/DanceDanceRevolution%20A%20%28AC%29%20%28International%29/ALL%20MY%20HEART%20-kono%20koi%20ni%2C%20watashi%20no%20subete%20wo%20kakeru-/ALL%20MY%20HEART%20-kono%20koi%20ni%2C%20watashi%20no%20subete%20wo%20kakeru-.sm
PQP1l9qDilqbD0qOqiD8dd86qboI8bob	All My Love	
bdbQoi98Dlb18DiPDPdD801DoOD8619O	Alone	https://zenius-i-vanisher.com/simfiles/DDR%20A20%20%28Beta%29/Alone/Alone.sm
6d8DiDl0i1oldbbo0o60PQ0q96d608Dq	ALPACORE	https://zenius-i-vanisher.com/simfiles/DDR%20A20%20%28Beta%29/ALPACORE/ALPACORE.sm
dbD8PlibPqqdI99901obObb6odqD8qDl	Amalgamation	
dq190Il9iO1bD698ll6ddObIlqdIQ1O9	AM-3P	
Oo91QPdQDd1Od1oQI6IIldbQ1lQ88bO0	AM-3P ("CHAOS" Special)	
808dq8OIq16PP19i1bP0IDP1OqPOlo6q	AM-3P(AM EAST mix)	
dQ1oPoQqD0db8O19P1P0D1oq8I68i1Id	AM-3P -303 BASS MIX-	
9Q081Q0Do0IDDqQi9O61P111QIQd0oQ6	Angelic Jelly	https://zenius-i-vanisher.com/simfiles/DanceDanceRevolution%20A%20%28AC%29%20%28International%29/Angelic%20Jelly/Angelic%20Jelly.sm
Pq1O0qIiQII9PP1Qi6dbi9Pdo88dO8Dq	ANNIVERSARY ∴∵∴ ←↓↑→	https://zenius-i-vanisher.com/simfiles/DanceDanceRevolution%20A%20%28AC%29%20%28International%29/ANNIVERSARY/ANNIVERSARY.sm
9O1O0o8O1qbQ08Q961Ib1iOIDPQid109	Another Phase	
D89QP18016o01qoOi60I6Q19dlOQPbdo	Anti-Matter	
6bdDP91o1II60Qo99D60QI81o6oPlI80	Arrabbiata	
6QdIl8odooDQ0oOQ0IObQqo1lO986PP6	Astrogazer	https://zenius-i-vanisher.com/simfiles/DanceDanceRevolution%20A%20%28AC%29%20%28International%29/Astrogazer/Astrogazer.sm
DibQ8O0bIodbdQo8D681qlqiDqllDPql	A Stupid Barber	
O0O1lPoIIIQ9lbOi90odI0Di80qq16lo	A thing called LOVE	
9DoD10OPQ999IlP0doo69olbOQ680q09	Avenger	https://zenius-i-vanisher.com/simfiles/DDR%20A20%20%28Beta%29/Avenger/Avenger.sm
lQ1QDdooiOO9QPo8q91iD1IqI8Po9ODl	AWAKE	
P8P1dlqi9D111iIDPOP0l9DIO1l6lqO9	BABY BABY GIMME YOUR LOVE	
bqqIiO96di90bdP0QD1biD8DoDQIddOD	Back In Your Arms	
8Q8dP1odl1D9lIbiIO86OPPIoq6qPP1l	Bad Apple!! feat. nomico	https://zenius-i-vanisher.com/simfiles/DanceDanceRevolution%20A%20%28AC%29%20%28International%29/Bad%20Apple%21%21%20feat.%20nomico/Bad%20Apple%21%21%20feat.%20nomico.sm
d0q8IDbqDI686q9Dl09ll0Id6bIio9Pd	Bad Routine	
9qbdq1PiI1O81P1PdioQli66Ob9QiiQP	bag	
lii9bbbIq08b6DIdQ16Q0QOPiOibliIO	Baile Le Samba	
ObP1P1OoDII9b9ll698Q981ilIddb8Id	BALLAD FOR YOU～想いの雨～	
9ib91bdq6i11l69d081qDD989Q0qO0qI	BALLAD THE FEATHERS	
18id0bi1Q6lbl0091iP0QoOIq9DDPo9I	bass 2 bass	https://zenius-i-vanisher.com/simfiles/DanceDanceRevolution%20A%20%28AC%29%20%28International%29/bass%202%20bass/bass%202%20bass.sm
dOb880lOloIIod00PQ1iQOQqlOOQ0Ql0	Be a Hero!	https://zenius-i-vanisher.com/simfiles/DanceDanceRevolution%20A%20%28AC%29%20%28International%29/Be%20a%20Hero%21/Be%20a%20Hero%21.sm
d18DI8bO1lql60Ol1dqQlI8qIobl191P	Beautiful Dream	
d0IiI99IlI00lq606l68qOIl8PidiOlO	Beautiful Inside (Cube::Hard Mix)	
00q86iQQIIiOlqi6Doqi6b9PiOodo10O	Believe	https://zenius-i-vanisher.com/simfiles/DanceDanceRevolution%20A%20%28AC%29%20%28International%29/Believe/Believe.sm
P0O81Dl9Oiiid8bdOi0oqbD8DqolObbP	BE LOVIN	
OO1oqdIPP80QdoP11QP61OdDb0lI1qIq	BLACK JACKAL	https://zenius-i-vanisher.com/simfiles/DDR%20A20%20%28Beta%29/BLACK%20JACKAL/BLACK%20JACKAL.sm
8IdlOq1qI8OO1PP88I6olPiI6IqqqIIO	Blew My Mind	
PP9QDQ0IQQID00P61d8qdDdP09b19iiI	Blind Justice ～Torn souls, Hurt Faiths ～	
oQ0bqIQ8DdPlilO000DQloOo6Od8IdQ6	Bloody Tears(IIDX EDITION)	
I9Ob6PlIiOQl6iQ6qO6QO0iQ1ld9DDO0	BLSTR	https://zenius-i-vanisher.com/simfiles/DDR%20A20%20%28Beta%29/BLSTR/BLSTR.sm
PO68qOQI1oo8iQidQ9iIi9o9PPOD9OP6	Blue Rain	
18ibQ9qbqOI91Q1iiiOd990OPo1q1dPI	Bombay Bomb	
QbD9QQP9bqoD00bQQl8obibP9PloQ9Qo	Boss Rush	
l81l981iPod0PDIIObIldoQb6Ol9o1Iq	Bounce Trippy	https://zenius-i-vanisher.com/simfiles/DDR%20A20%20%28Beta%29/Bounce%20Trippy/Bounce%20Trippy.sm
D0dI08oDqi11Oo819D6ob1dlDbPlIPl0	Brazilian Anthem	
bqQ1OQDidQD8QbIqql06O6o1QD6oOodP	BRE∀K DOWN！	
6DP8POdO1PiP0D8il08Po6iD8oI9Pidl	Break Free	https://zenius-i-vanisher.com/simfiles/DanceDanceRevolution%20A%20%28AC%29%20%28International%29/Break%20Free/Break%20Free.sm
DblIbDd6lQQQoO9bloOI9iIqO1IiQoID	BRILLIANT 2U	
d11l6160iiP1bDbQPQl0Pi8lddlld80i	BRILLIANT 2U ("STREAM" Special)	
6l0iQ18D0I00P89lIqI8bl9biIOi018O	BRILLIANT 2U (AKBK MIX)	
i18OPo6l8Q6bo9q0qP6889IDqoP8O0Qq	BRILLIANT 2U(K.O.G G3 MIX)	
DbPodlqiOQdD88bo8lPO9D6iql1DO8P0	BRILLIANT 2U(Orchestra Groove)	
iIP09bOq1l1b9b1l011IDIQ6Iill90Io	BROKEN MY HEART	
i86qD6Pl61dPI0Q9db1P8bl1ii99q1lD	BURNING HEAT！（3 Option MIX）	
ii6Oooool0IoOqi1qdDo96QIil6IoOq0	BURNIN' THE FLOOR	
QdbPPPDlIQiI191qPdblO01O8P8o6D68	BURNIN' THE FLOOR(BLUE FIRE mix)	
6dQQd1d1OQlqQdQ98i01DQ1i9P6QDQdQ	BUTTERFLY (20th Anniversary Mix)	https://zenius-i-vanisher.com/simfiles/DDR%20A20%20%28Beta%29/BUTTERFLY%20%2820th%20Anniversary%20Mix%29/BUTTERFLY%20%2820th%20Anniversary%20Mix%29.sm
6Qq1q91q8iIPlI89qDq96bO8QDD0qOql	B4U	
6boDb6Pdd6QDP1oPdlQ0Qo1ld0lQb6P6	B4U ("VOLTAGE" Special)	
POIDil00didIo98D10loIObibPOob88O	B4U(B4 ZA BEAT MIX)	
DObld6O6OdblOo1di9dlP86DO909O6qI	cachaca	
68dqbIdOiiiiddlbb1OD66qq6d80I6D8	Can Be Real	
1Qqo9bID18OdiI1Qb0lP9DIqIO6ldPOP	CANDY♡	
OPbqldiq0dQIo1011086IOl1qbOloOl9	CANDY☆	
0qP01Q60boPPlQ8qO6O6q89iI91Pl0PP	CANDY☆(X-Special)	
ioi6db99oOPPDd1db888D6oi6bb06o0P	CAN'T STOP FALLIN' IN LOVE	
DOqPd1Iid6oObd8i96I9oo8obbODb96o	CAN'T STOP FALLIN' IN LOVE ～SPEED MIX～	
8IdP90DQDi9bqodPqDQIIqOqOO08PPio	CAN'T STOP FALLIN' IN LOVE -super euro version-	
Iqo9PQiPbq8Q0I6io6lPIDi608lQqbbq	CaptivAte～誓い～	
8Io6oi89Q8DblI8IPdPPI0q98Ql9o98Q	CARTOON HEROES (20th Anniversary Mix)	https://zenius-i-vanisher.com/simfiles/DDR%20A20%20%28Beta%29/CARTOON%20HEROES%20%2820th%20Anniversary%20Mix%29/CARTOON%20HEROES%20%2820th%20Anniversary%20Mix%29.sm
P6id8qqolbP0oqO060OOqbl60DI9iQoQ	Catch Our Fire!	https://zenius-i-vanisher.com/simfiles/DanceDanceRevolution%20A%20%28AC%29%20%28International%29/Catch%20Our%20Fire%21/Catch%20Our%20Fire%21.sm
i0bdP6II6dqb6lbQQ9q9OQq68i1qPddO	CELEBRATE NITE	
O6q1o06Po9lQbqOl08Io1obqQ9QPi09b	CELEBRATE NITE(EURO TRANCE STYLE)	
bd8o99iPI9lqOl1Q8P68lbQOlo8Oq1qO	CENTAUR	
qD8Q180QlIi11o1IiI6DPoqolqoD61Ib	CG Project	
q1q8IlPI1111D8IqiQ190qIoP0b0bIIo	Chance and Dice	
8o1iQPiId8P6Db9Iqo1Oo119QDoq8qQ8	CHAOS	
b16OP1o9qb6bQd66qOl98iq0boiQP919	CHAOS Terror-Tech Mix	https://zenius-i-vanisher.com/simfiles/DanceDanceRevolution%20A%20%28AC%29%20%28International%29/CHAOS%20Terror-Tech%20Mix/CHAOS%20Terror-Tech%20Mix.ssc
1iQIIPdQQOOlP9l90oPdIi60D9OOlqoQ	chaos eater	
dd80OooqdOIi9O60i91PDdIPIbIiiD66	Children of the Beat	
P8obb0oQq1lbb6Do01PPDI1o8ooO6Pb0	Chinese Snowy Dance	
ioDOIO9iP8qqPiP9io9Ib1I91OoQ0q0O	CHOCOLATE PHILOSOPHY	https://zenius-i-vanisher.com/simfiles/DanceDanceRevolution%20A%20%28AC%29%20%28International%29/CHOCOLATE%20PHILOSOPHY/CHOCOLATE%20PHILOSOPHY.sm
P8DQP9QIioPdi9IO6q0100PlQOIl86I9	Chronos	
d18bbq1l699OP9Di6q8oqD9oPb1o1P6I	Chronos (walk with you remix)	https://zenius-i-vanisher.com/simfiles/DanceDanceRevolution%20A%20%28AC%29%20%28International%29/Chronos%20%28walk%20with%20you%20remix%29/Chronos%20%28walk%20with%20you%20remix%29.sm
IO0IbQPOP6q8OddoiO99qq9I81l90D1i	Clarity	https://zenius-i-vanisher.com/simfiles/DDR%20A20%20%28Beta%29/Clarity/Clarity.sm
d91lIllbboPd668QP88I06Q6QqooQiO1	Cleopatrysm	
odOQ1d1i6oil81b1QIDP6dOqqdooD918	Colors ～for EXTREME～	
ilqiIlDdiQQ0oOIP8bPobDQqP0O90Q08	COME BACK TO MY HEART	
oIII9lI0q6i9Q0b18ldoI6o0PQ0qqD01	Come to Life	https://zenius-i-vanisher.com/simfiles/DanceDanceRevolution%20A%20%28AC%29%20%28International%29/Come%20to%20Life/Come%20to%20Life.sm
1Ol1i86OQd61IlqPb9O1060l0OQDoDQI	Condor	
i19IOi90Dq90ll989iIdOP9diodqi968	Confession	
dO9b8Id9QQ8DOO69Q0lqi6O9QlDPIPl9	Cosmic Hurricane	
9QIo1lbD1ldlqPO0iD68io69Pd8b01Do	Cosy Catastrophe	https://zenius-i-vanisher.com/simfiles/DanceDanceRevolution%20A%20%28AC%29%20%28International%29/Cosy%20Catastrophe/Cosy%20Catastrophe.sm
1DD68qQdqQ0i6bQ61ddQ06ql1D6O1l6P	Crazy Control	
i0dqDPqDll9il0b6qoDPd19OQ0qO9qDO	CRAZY♥LOVE	
OdQqDiIDbD6ioi60ob6lDOlD8oio9l0b	Crazy Shuffle	https://zenius-i-vanisher.com/simfiles/DDR%20A20%20%28Beta%29/Crazy%20Shuffle/Crazy%20Shuffle.sm
Q0o8olIPb1iOo0loPPQI0PddI0qlb1Db	CROSS	https://zenius-i-vanisher.com/simfiles/DDR%20A20%20%28Beta%29/CROSS/CROSS.sm
ilIbq9Db1d86PIo0b96qdd0oPOQ6bqi1	CURUS	
di9ddbd1lb80q98ODdod0ODQ0q6PdQP1	CUTIE CHASER	
doQI0i6lQbOo66DOi6olPqOPqIqO8Qd1	CUTIE CHASER(MORNING MIX)	
ibl00b69Oli68l96d6o1P1ob8QPillbO	Cytokinesis	https://zenius-i-vanisher.com/simfiles/DanceDanceRevolution%20A%20%28AC%29%20%28International%29/Cytokinesis/Cytokinesis.sm
ldlqDQ0bb8d9do86o898P0qo1OlD88qD	Daily Lunch Special	
Oi1DI99DO6i6llQ8DDD6oDqOQqiP118d	DANCE ALL NIGHT (DDR EDITION)	https://zenius-i-vanisher.com/simfiles/DanceDanceRevolution%20A%20%28AC%29%20%28International%29/DANCE%20ALL%20NIGHT%20%28DDR%20EDITION%29/DANCE%20ALL%20NIGHT%20%28DDR%20EDITION%29.sm
I8ql1i90i80oDO0Q9qdIliIqPq66lQd0	Dance Celebration	
98D001P6b696O18P8qiIOl811bq1oQ16	Dance Celebration (System 7 Remix)	
6lQ9iQdq8P0Q11q9O8dbl9Q9Pi8bIb98	Dance Dance Revolution	
6o966dbdo9dPIil6qQ09d1I0o0Qld611	Dance Dance Revolution(X-Special)	
Io9i8oQlbO1QqIdbbDPQl6b00OIPlIOP	Dance Floor	
QbI1i8Q8o06qQQIqllQ6091l998D0qIi	Dance Partay	
ddOqqDI91bqqiOoll6I0i16i1P18019q	Dancer in the flare	https://zenius-i-vanisher.com/simfiles/DanceDanceRevolution%20A%20%28AC%29%20%28International%29/Dancer%20in%20the%20flare/Dancer%20in%20the%20flare.sm
DdIbd6Pbl910P6QOqD6iQI0l0b1qdI8q	dazzle	
IPdDlblblqO1do9IQbDoi0iOoPDoiDlI	Dazzlin' Darlin	
69l8lOiooPPPqb9Io9Il01dPD0Q988Iq	Dazzlin' Darlin-秋葉工房mix-	
8dbiodDo1i6IolDQdqdOoqDDD90q6liQ	DDR MEGAMIX	https://zenius-i-vanisher.com/simfiles/DanceDanceRevolution%20A%20%28AC%29%20%28International%29/DDR%20MEGAMIX/DDR%20MEGAMIX.sm
P98dl8qdoilqbPqIO86ood601o1696D8	DEAD END	
PooiIP8qP0IPd9D1Ibi6l9bDoqdi9P8O	DEAD END ("GROOVE RADAR" Special)	
6iO8d9ld00I6lDIO6qbOldP99oqloqb9	Dead Heat	https://zenius-i-vanisher.com/simfiles/DDR%20A20%20%28Beta%29/Dead%20Heat/Dead%20Heat.sm
il0QbI6IOIidllO108olqd8i9Pb1Oq8Q	Decade	
QQldo10ObPPQPlliODiDIIl0Q1oPoo61	ΔMAX	
PI1DiP0bIi8PodP6O1i8P0P1i8iI1oD8	Desert Journey	
9dD6dlq01qd80loD6OOQb60ql6P6068O	Destination	
98q8616ddDIqdo1dbqbO0Po96oldo1Oo	DESTINY	
1diQi81loIodIdOlQ8Pd6Qd8b69Q1DP8	Destiny lovers	
QPol19bIb009IDOPildbi1QPdPlO0dq9	Determination	https://zenius-i-vanisher.com/simfiles/DanceDanceRevolution%20A%20%28AC%29%20%28International%29/Determination/Determination.sm
19b01l0QPiDlDQb6lqd0dQ8Qlld6Dl6l	Diamond Dust	
QD6b8i08P1IQloIPOPiqlIPoDlPi9DPI	Diamond Night	
0dOOOolo0P6180OQDo16DdO6o6D8O8lQ	DIGITAL LUV	https://zenius-i-vanisher.com/simfiles/DDR%20A20%20%28Beta%29/DIGITAL%20LUV/DIGITAL%20LUV.sm
1i81dQboQ91QbdO9d6bQ1Pi00dPP01li	Din Don Dan	
I8b69IdbID0Di06ldo6o1lb1IdI89Iqo	dirty digital	
6i000qlo9PD9oi9I9Qb990D6D9i19699	Dispersion Star	
0DODq0P9Qi6i6q8QPoPPOiOi6ib0188b	District of the Shadows	https://zenius-i-vanisher.com/simfiles/DDR%20A20%20%28Beta%29/District%20of%20the%20Shadows/District%20of%20the%20Shadows.sm
8Pb6oPdbO6lo8lbiQ181IDidI9ll8q80	DIVE TO THE NIGHT	
OO0QbD9D6QQIb10Q9IDOQd8odb6ob6qP	DoLL	
1q6obddbql8lQdPI19liD6PdQ0dPIODd	Don't Stop!～AMD 2nd MIX～	
lPDqbq6OIb810i8bqIo1i1olol1OlP9l	Do The Evolution	
lldPQPDP0qq8iqQ910l8b8PoQ6O668Q0	DOWNER & UPPER	https://zenius-i-vanisher.com/simfiles/DDR%20A20%20%28Beta%29/DOWNER%20%26%20UPPER/DOWNER%20%26%20UPPER.sm
PD9lP16dllbPqbdIO0Ii0I8D1I90QIIl	Dragon Blade	
89ooi0i98Qlq9PloIl1b190DIo8Do16l	Dreamin’	
b08D1ODPP0IqlIl91dDDdD1d0lD8bP1d	dreaming can make a wish come true	
8bqd0Oibbo8q81QdODqdl1OOi1l99O88	DREAMING-ING!!	https://zenius-i-vanisher.com/simfiles/DanceDanceRevolution%20A%20%28AC%29%20%28International%29/DREAMING-ING%21%21/DREAMING-ING%21%21.sm
d9qd6lI0ddbQ068dq1oD8o6QDIi6blDO	Dream Machine	
ii119ll8dOQ8IQqi1IOP1o8DIQbqo8Pi	dream of love	
ObiIq6PDlOiPd0d1oP8IIQbqiq09IDII	DROP	
Q0OiPQQ8IbIDq08IO9Io0qDdoDPPdd1q	DROP OUT	
d0P01d9q8oOd8OP1bQPoqlq96906PqPD	DROP OUT(FROM NONSTOP MEGAMIX)	
8O0D9P6l9P9ooQdODioDIdQPq6DiDlbl	DROP THE BOMB	
I0b6lIP691dOOI8PqDDlbPid9iO8o0lO	DROP THE BOMB(SyS.F. Mix)	
08PiiDq6b1oQ8OIIbDql0bDbIID0b1iP	Drop The Bounce	https://zenius-i-vanisher.com/simfiles/DDR%20A20%20%28Beta%29/Drop%20The%20Bounce/Drop%20The%20Bounce.sm
PP9q1DDi0liP1P00lqIoIbbqo9QqlIqP	Dummy	
QDP0i688bQi1Idqil1dOqDdPdoIPP6Q0	DXY!	
1QIPID18qib8D9Oo9lOo8I6DPi9qiod6	DYNAMITE RAVE	
dd8loQPD0I86DiIql8b8o9qbO8l0d9Q9	DYNAMITE RAVE ("AIR" Special)	
iQo0QOoI6bOPQlbb9ldOo9lbdD1idiOO	D2R	
1O9P1DqQQqObOQPP6Il989qDqi0bQ8Qb	D2R ("FREEZE" Special)	
bPD6ObloQPOOiQb1DbQDdilodiddlIlb	ECSTASY	
Dd6lP00DPqIb0d6iqOdlO08l69l6q1di	ECSTASY (midnight blue mix)	
9i0q91lPPiO61b9P891O1i86iOP1I08O	EGOISM 440	
96Qo1idlD9o8q9qIdiDl18l0O06Qo108	Electric Dance System Music	https://zenius-i-vanisher.com/simfiles/DanceDanceRevolution%20A%20%28AC%29%20%28International%29/Electric%20Dance%20System%20Music/Electric%20Dance%20System%20Music.sm
9d0oQdIolIb0Po9b06QOiOP60IQlb8qO	Electrified	
li0IboIqq8qddDP0Oi1Q9i8OPoD88IQl	Electronic or Treat!	
IPi69l86oqdDd8qoll61166D8969869I	Electro Tuned ( the SubS Mix )	
OiIOPd80d9PQQIbidO6ObioboO88OD9l	Elemental Creation	
b60odbPO1IQd6d0qPIi1dQODq16i9811	Elysium	
OdlOPPblPlbbldOdqblI06Dd1q00PPo9	Emera	https://zenius-i-vanisher.com/simfiles/DanceDanceRevolution%20A%20%28AC%29%20%28International%29/Emera/Emera.sm
8liDbidQoI6Q01lO9iibIdboIiDl66Qo	e-motion	
1i10oIqlooQbOqO9qiodbIliilP1I06b	Empathetic	
d8oDqIQOoD6DQoQbOIP9I6DPPOl89lo6	ENDLESS	https://zenius-i-vanisher.com/simfiles/DDR%20A20%20%28Beta%29/ENDLESS/ENDLESS.sm
PO9Pl1q896bDDl89qQb98D80DQoPio1I	ENDYMION	https://zenius-i-vanisher.com/simfiles/DanceDanceRevolution%20A%20%28AC%29%20%28International%29/ENDYMION/ENDYMION.sm
lb19I8d0DPb88QDQlP616lDqoboli90O	Engraved Mark	
D81Pq66DQPiQdliqIPl0ioPOi9OlQoQ9	era (nostalmix)	
odQbP0bQqD89PolQ96II0PiqQQIddPi6	escape	
qPDQbQ6lOqqbI9Plb6o9lld0ddIP8oiP	esrev:eR	
Qb6PqOQO8Qd8i91D018olPiD01PbQ061	Eternal Summer	https://zenius-i-vanisher.com/simfiles/DanceDanceRevolution%20A%20%28AC%29%20%28International%29/Eternal%20Summer/Eternal%20Summer.sm
OqIlb9PQIo0Io90PIQi6q86dO8iP19Oi	ever snow	
61Q6Q8OOiiQIbIi0l6l10qQ0Ii8P0Qb6	Every Day, Every Night(NM STYLE)	
81O10b1Oob9blo0888PQbd1I6bP0b8q9	Everything I Need	
iOPbIi1b99819b9QiD8QbdPbq0DqO0DO	exotic ethnic	
9QlqQb9qO008DIPbq8DOlP60P110DPi1	Far east nightbird	https://zenius-i-vanisher.com/simfiles/DanceDanceRevolution%20A%20%28AC%29%20%28International%29/Far%20east%20nightbird/Far%20east%20nightbird.sm
bIloQ900Iq01ql6ddP9idIb6iQ11i9D6	Far east nightbird kors k Remix -DDR edit ver-	https://zenius-i-vanisher.com/simfiles/DanceDanceRevolution%20A%20%28AC%29%20%28International%29/Far%20east%20nightbird%20kors%20k%20Remix%20-DDR%20edit%20ver-/Far%20east%20nightbird%20kors%20k%20Remix%20-DDR%20edit%20ver-.sm
8QbqP80q9PI8bbi0qOoiibOQD08OPdli	Fascination ～eternal love mix～	
O6llIdODQD6oDQ6QiPQDOlob9i8l6qib	Fascination MAXX	
ObIOQ6id8DOdlQlil8819ObqoDQIIoiO	F4SH10N	https://zenius-i-vanisher.com/simfiles/DDR%20A20%20%28Beta%29/F4SH10N/F4SH10N.sm
98PiPl8P0qlq8dd8P60Iq6dq899lbQDI	Feelings Won't Fade(Extend Trance Mix)	
qOdib0OIO1qOdiQiOi9qIiQiO91idbQq	Fever	
liiPP608Oqbbb1Do88DPolOlQiq0Di60	Find The Way	
DiqobPO1iliqP6DbQiDodPIPDiQO96dl	Find You Again	
PlqI9Q1I6qdqb0IolOl1qP0bOQP0ibPP	FIRE	
0ibD9Oio99IlQ0di916lId0bi08IPD9b	FIRE FIRE	
qqDOddP66Ol1q1IIOb1OPO68DP1ood1i	Firestorm	https://zenius-i-vanisher.com/simfiles/DDR%20A20%20%28Beta%29/Firestorm/Firestorm.sm
9Di9ODOOl8PDQiO1O6o8lD16QlI609ob	First Time	https://zenius-i-vanisher.com/simfiles/DanceDanceRevolution%20A%20%28AC%29%20%28International%29/First%20Time/First%20Time.sm
8ll9P9bOloIqbI0O9PboP9li1iloIPPd	Flight of the Phoenix	
dQD6lbPO66DllOb1i0IoqDqbii0IOQi9	Flourish	
dDOdPQOqD6P68dIOl6O6I8q99Q6dd9Ob	Flow	
0D096II0i9l0doPlbPQbiPo1IQDDoOP0	Flow (True Style)	
O111bDqd0oQ1O8IqiIDQq091l1IDO8oI	Flow (Jammin' Ragga Mix)	
q08PbOPPbPobob0OII096bP9iil9908D	FLOWER	
d96OiPiOIboqI8o6PIDO8D9qPb9P18il	Fly away	
DQI8O1bD9Oi9i90i0DqqOqbll91IiQI1	Fly away -mix del matador-	
Dq8b8DPD06Q8qob8OOiQIlOdD8QQD0q9	Fly far bounce	https://zenius-i-vanisher.com/simfiles/DanceDanceRevolution%20A%20%28AC%29%20%28International%29/Fly%20far%20bounce/Fly%20far%20bounce.sm
ObI1oo6QlO981880DDDOlo8bQobI0I9P	Follow Tomorrow	
Q8Ioq8POo69ol8bPiOPQPq61oqoPo0DO	Forever Sunshine	
PPddP6OOldodoOPqiId19Pd919OOid61	Freedom	
dd8PodO0ilIQQb0P0OQPDiodI9biP91d	Freeway Shuffle	
8l0ld8Oq86P09lb91DdD9OliiPq9oq9D	Freeze	
IQ9bDo1dPbIo0ODQiObbQ99iP1bOi8iI	Frozen Ray ～for EXTREME～	
I0Ql0Di1qD6i0Qq1ql0qPb19q0IQ6iO9	FUJIMORI -祭- FESTIVAL	
i6Q00D16PbbQPl19oibiiQ6qQD01D6o8	Funk Boogie	
9i6dOd608qb0IlqoDIPb8q1o8q1ddQQd	FUNKY SUMMER BEACH	
idIibqoooOlQ1DId8lOidd6il0bdoql8	GAIA	
69qoD0l6olQqqbl09b069q898b600I6o	Gamelan de Couple	
Dq0Iio09Pb9iD0lbb0I0qd8Q8i10II09	GENOM SCREAMS	
olIo8PdO8dq16QqDIQboQq6oPqDO9qoo	Get Back Up!	
Pq0Qq0OQqlPDQOld8bddlIDPD89o8bO8	Get On Da Floor	https://zenius-i-vanisher.com/simfiles/DDR%20A20%20%28Beta%29/Get%20On%20Da%20Floor/Get%20On%20Da%20Floor.sm
b8dqI0Iq60iQPPobiiQ8O6PiIqdodDiQ	GIRIGILI門前雀羅	
d9llb88lDI1q0QI10P01lqIqlI6QO0Dl	Give Me	https://zenius-i-vanisher.com/simfiles/DDR%20A20%20%28Beta%29/Give%20Me/Give%20Me.sm
9IdoP1ld9098PI90QQ6bP0Idl1ibo80D	Glitch Angel	https://zenius-i-vanisher.com/simfiles/DDR%20A20%20%28Beta%29/Glitch%20Angel/Glitch%20Angel.sm
11dQb0qIdbO098ObDqOQQ8Ili9Il0lOd	Go For The Top	
DPo0bi8Dibli118P6D981oQIPPQI01lo	Go↓Go↑Girls&Boys!	
dqPDQ8Pb68iib8bIIPld10Q0oD8l600o	going up	
dIdDQD1Q8oPQ90Q1DPbiQI661qD9oi6I	Golden Arrow	https://zenius-i-vanisher.com/simfiles/DDR%20A20%20%28Beta%29/Golden%20Arrow/Golden%20Arrow.sm
ib8o1iD68il66olQ1lddIPi0lIb9dd1I	GOLD RUSH	
b0Po680ibI600ObOi6qqidI06oqo0Olq	GORGEOUS 2012	
lqOQbO0ql96IdDdD689o9PI1iI8Q1Ibi	Gotta Dance	
q6qI6llb69D1IQq0OiP8OD06Qioob91Q	GRADIUSIC CYBER ～AMD G5 MIX～	
10oQOoD00O1ql8qD88dI0i0biP69blq6	GRADUATION ～それぞれの明日～	
Ib01P6O8OPl8qqQi9QO6dii18ID69I8P	Grand Chariot	https://zenius-i-vanisher.com/simfiles/DanceDanceRevolution%20A%20%28AC%29%20%28International%29/Grand%20Chariot/Grand%20Chariot.sm
I90bd6obO890P0d1iiPD0dol8o8QloQD	Grip & Break down !!	https://zenius-i-vanisher.com/simfiles/DanceDanceRevolution%20A%20%28AC%29%20%28International%29/Grip%20%26%20Break%20down%20%21%21/Grip%20%26%20Break%20down%20%21%21.sm
890q91iIbO96OOD10Qlob6qOObQoq1bd	Habibe (Antuh muhleke)	
l6qQi9qlO8diPd18dl6DdqPid01P91iQ	Ha･lle･lu･jah	https://zenius-i-vanisher.com/simfiles/DanceDanceRevolution%20A%20%28AC%29%20%28International%29/Ha-lle-lu-jah/Ha-lle-lu-jah.sm
8OIqIi996QI18Oo0q8iiiO8bbb6dI1l6	HANDS UP IN THE AIR	http://zenius-i-vanisher.com/simfiles/DanceDanceRevolution%20A%20%28AC%29%20%28International%29/HANDS%20UP%20IN%20THE%20AIR/HANDS%20UP%20IN%20THE%20AIR.sm
9OP0iqDD8PDIb8lblD0ol09oP1I1d9PO	Happy	https://zenius-i-vanisher.com/simfiles/DanceDanceRevolution%20A%20%28AC%29%20%28International%29/Happy/Happy.sm
8DdIqobi0liOPDO1qld6lQ9Dq00I66qi	HAPPY☆ANGEL	
ol6IDd019O0qq8dblPQ96ol1oPbI990b	HAPPY☆LUCKY☆YEAPPY	
oo8DId90dbDliiQQlQPQQoIq6lPliqo9	Happy Wedding	
POl689q8ODbPI0PDo8l8oD81Plio8qlP	Haunted Rhapsody	
lIlQ8DbPP6Iil1DOlQ6d8IPQblDQ8IiI	HAVE YOU NEVER BEEN MELLOW (20th Anniversary Mix)	https://zenius-i-vanisher.com/simfiles/DDR%20A20%20%28Beta%29/HAVE%20YOU%20NEVER%20BEEN%20MELLOW%20%2820th%20Anniversary%20Mix%29/HAVE%20YOU%20NEVER%20BEEN%20MELLOW%20%2820th%20Anniversary%20Mix%29.sm
109P1iO9i6q1q0bdQobiodQDoD619dqd	Healing-D-Vision	
qIDI69oIo8OlQqdqqDilI1do6IbP16Q6	Healing Vision	
0D1618DDbol8bl9dP0lDdiD66ioIiidD	Healing Vision(X-Special)	
olQQ8QPPqqObDD9ooodOl9i9od8b06I9	Healing Vision ～Angelic mix～	
1l8ibdlb0O0q00o6l9Pq1ibdbIQqqOb1	HEART BEAT FORMULA	
qObI8DOldoqob8OQD6Dqdiob0dIb0ll9	HEART BEAT FORMULA (Vinyl Mix)	
iq6QI06oQlloO9Db9dbI8IDoi91dD8d9	HEARTBREAK (Sound Selektaz remix)	
lIPP90Ilqib08Obob9901PiP19OQ18P9	Heatstroke	
oDlO8QQOQ68IO61q9PQd800QiOll1odI	Heaven is a '57 metallic gray ～gimmix～	
OPdooDlO9iO09lI1ODP00660loDiiodi	Helios	https://zenius-i-vanisher.com/simfiles/DDR%20A20%20%28Beta%29/Helios/Helios.sm
9dDOQo8bQ6blDdd989l1QIO8liDq9O0q	Help me, ERINNNNNN!!	https://zenius-i-vanisher.com/simfiles/DanceDanceRevolution%20A%20%28AC%29%20%28International%29/Help%20me%2C%20ERINNNNNN%21%21/Help%20me%2C%20ERINNNNNN%21%21.sm
DibOOIOD1id66O0DqOQ61O6I9bIIQQ0q	heron	
O1blDPOQ8IQb00o0D89QIDIlo8b06liD	HIGHER	
8DQDq16PPlli6o9iDl11DqooqOPlOb08	HIGHER(next morning mix)	
811qq00Il1Q681068l8dQbPO60l0oD1l	High School Love	https://zenius-i-vanisher.com/simfiles/DanceDanceRevolution%20A%20%28AC%29%20%28International%29/High%20School%20Love/High%20School%20Love.sm
dll6Dq0blbl1iPbIIiQ61QIoo00doqiI	Hillbilly Shoes	https://zenius-i-vanisher.com/simfiles/DanceDanceRevolution%20A%20%28AC%29%20%28International%29/Hillbilly%20Shoes/Hillbilly%20Shoes.sm
ODq019O9o1OPdq9PiPl0o8D8DQ8bid88	Holic	
90qP0000qoO8o8dIidlO611ilO11Oo9Q	Hopeful	https://zenius-i-vanisher.com/simfiles/DanceDanceRevolution%20A%20%28AC%29%20%28International%29/Hopeful/Hopeful.sm
Oo9O18oqOi9DIoOoqb9IqQDo0dbdqP9q	Hoping To Be Good	
PIdPo9o0qOIiPDIIlbo9l9dObP81lQqi	Horatio	
q8i11qPbo9iq8lQb9d08di81Q88q8P9o	Hunny Bunny	https://zenius-i-vanisher.com/simfiles/DDR%20A20%20%28Beta%29/Hunny%20Bunny/Hunny%20Bunny.sm
6Oi66iq9bqi8bDI6l6lPdqDObo1i9lDl	HYENA	
I08olqilqQi9Dd0qOq0o09PPqI0l11QI	HYPER EUROBEAT	
8l808Do60DP0qDbD066QQqP1qOQdob90	HYSTERIA	
lPloI86odlIbIo96P169b9I0Ob8lD189	HYSTERIA 2001	
1I9ODbQ81qi1006QoQI6d6dbd9iiPD9O	Idola	
DddIPd6iId8Doqq8OibDlD1dOi8PO8o9	i feel ...	
0ib0Pqol08o9ODDq166iDl8oll061lPl	iFUTURELIST(DDR VERSION)	
1Ob1I0do8Iq6QqP6PQIiddD18dqDP9oo	Illegal Function Call	https://zenius-i-vanisher.com/simfiles/DanceDanceRevolution%20A%20%28AC%29%20%28International%29/Illegal%20Function%20Call/Illegal%20Function%20Call.sm
1900DdoIl00b88q6Qq9ob9D6lQ8IQiPb	I Love You	https://zenius-i-vanisher.com/simfiles/DDR%20A20%20%28Beta%29/I%20Love%20You/I%20Love%20You.sm
69b01qbo8Qdi6liOPq091bqo01i16oQ9	I'm an Albatraoz	https://zenius-i-vanisher.com/simfiles/DDR%20A20%20%28Beta%29/I%27m%20an%20Albatraoz/I%27m%20an%20Albatraoz.sm
Q8qb1oQobdqDqi0i19qqb11P1oDoiD8O	IMANOGUILTS	
lPoD60qooQ91QDq1qO9d19q9IoDIlPq9	I'm gonna get you!	
90lolio9qd6qo6Pl8oo69iqi81oiiQib	I'm so Happy	
bdQ6IobP6II86I1io686Il9qQ69dOod1	IN BETWEEN	https://zenius-i-vanisher.com/simfiles/DanceDanceRevolution%20A%20%28AC%29%20%28International%29/IN%20BETWEEN/IN%20BETWEEN.sm
1i6ObblIOoPo6dDd9dIIq11l60qiD9di	I Need You	
b1ObooOQ9iI0DilD9Q6qlIQ8D1d8dQO9	in love wit you	
qDi0dIlObi6Q6P8dQ1b8oIb188O9608o	INNOCENCE OF SILENCE	
6oldqOoilo1OoP6P9OoO8bdD9lI86qdQ	INSERTiON	
O8qii6oiooPd8lbPqDo9QQioIoQQOoq0	INSIDE YOUR HEART	
Q61QoIQOQdoO98DP1oDlOIoO6D6lqq1o	Inspiration	
qQI9IQOd061Q69Oo89lll9bd99108Qqd	In The Air	
o1dbD61Qi98O60liQQ91d8O16I86dqDd	In The Breeze	
8o6ibb0b1i66Q0D8699boob69b80Qb1i	IN THE ZONE	
dPdO9OP6616o99l99qiI9DddQdD9D80b	INTO YOUR HEART (Ruffage remix)	
6DQoDoliDO6P96P8D1POoOd8q9QbOibQ	invisible rain	https://zenius-i-vanisher.com/simfiles/DanceDanceRevolution%20A%20%28AC%29%20%28International%29/invisible%20rain/invisible%20rain.sm
q9oQ1Pid9OiIDO66Pd19blOi09019i98	I/O	
lq9iPP06O8qiP1iooiboPO910b86di19	IRON HEART	https://zenius-i-vanisher.com/simfiles/DDR%20A20%20%28Beta%29/IRON%20HEART/IRON%20HEART.sm
bPb96lbDP9OdI0Oi1189iOPPdllPIDQb	Ishtar	http://zenius-i-vanisher.com/simfiles/DanceDanceRevolution%20A%20%28AC%29%20%28International%29/Ishtar/Ishtar.sm
00Qbd9qoI681Q0biQOIiI08bI91i080l	I Want You To Know	https://zenius-i-vanisher.com/simfiles/DanceDanceRevolution%20A%20%28AC%29%20%28International%29/I%20Want%20You%20To%20Know/I%20Want%20You%20To%20Know.sm
IoI10obli6qd9DI699l61Pq16P9bboDd	Jam & Marmalade	
8qd9d01dPOq1lOOoPiOIoPobdd1QODPq	jane jana	
1PQdDiqOD6o1b61iiDOoiiblIQbI91Pb	JET WORLD	
qOD6OPbP6b0l0ODOiObiQbl1DbPqOi9I	Jewelry days	https://zenius-i-vanisher.com/simfiles/DanceDanceRevolution%20A%20%28AC%29%20%28International%29/Jewelry%20days/Jewelry%20days.sm
bQI1dIlIObIIQood96O9q9iO8li11OO9	JOKER	
dDQqqIQlDQ9POd90OPl9Dd1i106odDl0	JOMANDA	
0lDDIlQ91lq6O16q9QQ681d6Db1l0oOb	KEEP ON MOVIN'	
PQPloiIQ19QDP9QoI1ld9DlDObIOP689	KEEP ON MOVIN' ～DMX MIX～	
88o0qb8Ii1ldPlDQQdoq90dOd0PoO99d	KEEP ON MOVIN' (Y&Co. DJ BOSS remix)	
Qq8bbbqO6qQ1DPODd16oi1QDQoQ9b8DO	KHAMEN BREAK	
Q10PdOD6bDD9QPQQqiO11669bb0lQ189	KIMONO♥PRINCESS	
qIoDdQ1OOoPO8Q1Io0P168161DODPoqb	KISS KISS KISS	
QdIl6D808iDoDQi0Qii99Do6do8DOdQO	KISS KISS KISS 秋葉工房 MIX	
iOqb60DOOolIioDIOPi09P91i8PDiOqq	Kiss me all night long	
9IOdDPPO1IIPD9oDbOPo0Qo99Ii6Q8oi	LA BAMBA	
qbQ9I1bI6q91Q18DlDlI1Qdi8q6Qlo91	La Bamba	
bIlqP91O9ld1lqlq6qoq9OiPdqIDPP0l	Lachryma《Re:Queen’M》	https://zenius-i-vanisher.com/simfiles/DDR%20A20%20%28Beta%29/Lachryma%20%28Re-Queen%27M%29/Lachryma%20%28Re-Queen%27M%29.sm
b6l6qPPdiOqqPqqII0IPqI981bolOqIb	La libertad	
ddib8P601q0Oqdb0Pl8oqobq9DD608P1	L'amour et la liberté(Darwin & DJ Silver remix)	
8IIoIQQqlooiI6QD9ldIO6qidP98QP68	L'amour et la liberté(DDR Ver.)	
IDPbb8oiQl0od6b8OqlPDo08o0QDo6iQ	La receta	
901q61iP6lPiDqIQoQod9PDqlOPq1bb9	La Señorita	
boP0i08bqQ9d9OoP8Ol6I0l9Po01DiQb	La Señorita Virtual	
8lDOiqP0biD8dD9lOQO619i1PqbqDiP8	LEADING CYBER	
6bO0Dq60bboi009iDbO8o9Q9999PiiDP	Leaving…	
08QP8bOQ6OOdd11Dq81db1l8IdiDbod6	Lesson by DJ	https://zenius-i-vanisher.com/simfiles/DanceDanceRevolution%20A%20%28AC%29%20%28International%29/Lesson%20by%20DJ/Lesson%20by%20DJ.sm
id0i6dQId1D9l1P9bq9iP9608Ioi9iq8	Let's Get Away	
bP69QdDQ0QQ9dP0dDio0dO61i9Dbdl00	Let the beat hit em!(CLASSIC R&B STYLE)	
D9ooldO1009Pq1dP6P88lD80P0Oi060P	LEVEL UP	https://zenius-i-vanisher.com/simfiles/DDR%20A20%20%28Beta%29/LEVEL%20UP/LEVEL%20UP.sm
dqb09QD6o0O8PooiqbqQOdqQ1l80o691	Life is beautiful	https://zenius-i-vanisher.com/simfiles/DanceDanceRevolution%20A%20%28AC%29%20%28International%29/Life%20is%20beautiful/Life%20is%20beautiful.sm
i1ol0PO8QbQD0q0oDI6qq0IO68868bP8	Lift You Up	
8O86IP9dqQ8818ld9od8Q0PiDId6666P	LOGICAL DASH	
D6IQ1O1D00D1o8IQq0O9qqIibqDiiO0i	London EVOLVED ver.A	
OlDo09P8l0d6d80i8qD0qQddbi0QQD8b	London EVOLVED ver.B	
09looidO89Q9DiDdqQiDPlIQDoiobobQ	London EVOLVED ver.C	
D9IO16idQq6iiI88loI1i986lIID0O9O	LONG TRAIN RUNNIN' (20th Anniversary Mix)	https://zenius-i-vanisher.com/simfiles/DDR%20A20%20%28Beta%29/LONG%20TRAIN%20RUNNIN%27%20%2820th%20Anniversary%20Mix%29/LONG%20TRAIN%20RUNNIN%27%20%2820th%20Anniversary%20Mix%29.sm
l0od6D6dl9PQdl1iDPOlD80io0iqqDb8	Love Again	
boOdPIqbDd8li0O0IqliPo1Doq99Ob09	LOVE AGAIN TONIGHT～For Melissa MIX～	
D6oPIlOlIIOi1oq6Pd6011lqobbqOlib	LOVE IS ORANGE	
6dqPOId9Od11Il90QO0q9iQI6d68IolD	LOVE IS THE POWER -Re:born-	
iI8qbP0IIb16Oi9bIbb8O9dbDDi1ql86	♥Love²シュガ→♥	
IPOq96Qo911IdQbdqIo0I816i6O86ioO	LoveLove DokiDoki	
qIP6DPdbD9iO86i1DO9qDd8l6dPdbl0P	LOVE♥SHINE	
qi9qP1dPd6PPDlldbb8OIlD08Pbd9006	Love♡Shine わんだふるmix	https://zenius-i-vanisher.com/simfiles/DanceDanceRevolution%20A%20%28AC%29%20%28International%29/Love%20Shine%20wonderful%20mix/Love%20Shine%20wonderful%20mix.sm
i8II16blIIbQQd196b616OPbPO910oi9	LOVE THIS FEELIN'	
qIqbqPblQIIObd9166bbDiioOIiIq991	Love You More	https://zenius-i-vanisher.com/simfiles/DanceDanceRevolution%20A%20%28AC%29%20%28International%29/Love%20You%20More/Love%20You%20More.sm
61D9oiPDI68Dq60Dqi99qqd9DqD1D1qd	LOVING YOU (Epidemik remix)	
odD0Ql6iQbidDlqdPIdo8iQO09OoIbD0	MAGIC PARADE	
18l0blb188Oqqi8I68o8oq91Qbq86QDi	Magnetic	
0Oo6iId08018qOqbo6O1o0QQ9D09Piq1	Make A Difference	
6IPiID10iO699bOQlODd1PQ0liDi9i1I	MAKE A JAM!	
8Il6980di8P89lil1PDIqqIbiq1QO8lQ	MAKE IT BETTER	
9qP16D6l11i9P1lQ0b1DIqoOqqiIQDl9	MAKE IT BETTER (So-REAL Mix)	
1Q9l881P1bq8bQQ9OOqQ10OioP68bQ8o	Malacca	
6P6dPoi66qO980bQo6l1QdlQIooq086l	MARIA(I believe...)	
oOdl0d1IOo0bd008DOl91606Pd0PP86d	MARS WAR 3	
OQol16I968Q8bDoQd80i90oQQbqOdbdP	MAXIMIZER	
l6999IbQI61IO9qQbllobqo68lqobibq	MAX LOVE	
lObPDQDI08DoodDq1061IP1qbQ1qQQbl	MAXX UNLIMITED	
1980q80l1Q96O881IidPd16qDbOol9Qd	MAXX UNLIMITED(X-Special)	
6P18lOliIQqIO6Di0PP8iDlDQ01b0o0q	MAX 300	
oOI88lollO1OOQQd9DPi0690I6i6oiII	MAX 300(X-Special)	
qOP1qP69o6id061o9bo8l6P11P1PQI1O	MAX 300 (Super-Max-Me Mix)	
1Dl19idl0i0qiqidbDIIbQddiP6o11PP	MAX 360	https://zenius-i-vanisher.com/simfiles/DanceDanceRevolution%20A%20%28AC%29%20%28International%29/MAX%20360/MAX%20360.sm
89I0ooQbbI1I6O1iq861PQQqIo9iO86b	MAX.(period)	
o96i9P9iO9o0DdbPb9bbQ66DqDq88Db1	M.A.Y.U.	
6i189o0bl000608OPdOIODOOibq6QoPI	Melody Life	
61QQi8i9Iliq66IOq1ib888b666o08O8	Mermaid girl	
1OlD9Iqb9Oqol09dDi6iiQ9Iod1oP0il	message	
iI1iQD6Id0PiPDoo919doOooDib09I6b	MIDNIGHT SPECIAL	
b6dqPiOO6iO6b8D90Ido6QPOlObd9o98	Mind Parasite	
i9DPi1Do9qoIQid09o1oilodPlDP6doO	Miracle Moon ～L.E.D.LIGHT STYLE MIX～	
Db9DllQooo6lqQdl6Q6OD6q066i1IdOO	MITOれて！いばらきっしゅだ～りん	
bD1DbibPIq9IIlQd0OIIl0o91QI1il69	Monkey Business	
OoQ6Oq81oIql8iIlbI6qldIlqoD1Di1I	Monkey Punk	
lI8qIDQPD0PDOdO1d01iOq8bI98iiQ1l	MOON	
olOOdb66Q0bP0dqQPdIdQ8IPQql8D6bi	MOONSTER	
qOlDPoiqibIOqod69dPilbiqD6qdO1qQ	More One Night	https://zenius-i-vanisher.com/simfiles/DanceDanceRevolution%20A%20%28AC%29%20%28International%29/More%20One%20Night/More%20One%20Night.sm
QQdIOi1Q81IqIoDqo80P0I1Q9qIdq1il	murmur twins	
i11d86DOOdOb8Pbb1QqIilQI9Idib8PP	Music In The Rhythm	
Io1661doQq6OQ8DoobPq1IQlbqoDD1q8	My Only Shining Star	
6Ddo196olOPi9IQdbQ8Qbd8do8Q1obOD	MY SUMMER LOVE	
d99P0I1i960QO0oolD6oQIO8OObO9Plb	MY SUMMER LOVE(TOMMY'S SMILE MIX)	
lbD8DodiOiP8D61lidIi88DIiPqi8o6P	Mythomane	https://zenius-i-vanisher.com/simfiles/DDR%20A20%20%28Beta%29/Mythomane/Mythomane.sm
Po09DbIQ9QPoboQi0900lbbOqDoPbIod	neko＊neko	
DI91q6O00bliOldqO6DqDdqib86iqPPP	NEPHILIM DELTA	
lO91bIQ0Q990PqPbPIq88b9I9PI6ID0Q	Neutrino	https://zenius-i-vanisher.com/simfiles/DanceDanceRevolution%20A%20%28AC%29%20%28International%29/Neutrino/Neutrino.sm
1iDPo19Pb9ooi8OqiidbqPb06DDdqiqo	Neverland	https://zenius-i-vanisher.com/simfiles/DDR%20A20%20%28Beta%29/Neverland/Neverland.sm
08PO96OlIoQqPdq91Q1Qqlo8lPidbPP8	New Beginning	
o068b00O6QD8lo9O1i9PbQlqO6IQOidD	New Century	https://zenius-i-vanisher.com/simfiles/DanceDanceRevolution%20A%20%28AC%29%20%28International%29/New%20Century/New%20Century.sm
o0l1Qioq1i9iQl6b9q6il0iqi1b1OQ9b	New Decade	
DdIo9DQ0ddDld99DQdiiqbPP06OI91I0	New Era	https://zenius-i-vanisher.com/simfiles/DDR%20A20%20%28Beta%29/New%20Era/New%20Era.sm
6i99bQI11qD818DDdq6qb0Dql880lP8l	New Generation	
PdqQ0oO8lIOi800i69I9100olb9Q6D8Q	New Gravity	
Pqb60bq60o9QO0obI1Od9liQo9iIiOD0	New Rules	https://zenius-i-vanisher.com/simfiles/DDR%20A20%20%28Beta%29/New%20Rules/New%20Rules.sm
II68b0dooOIOlOiq0iQO18blDd6b9O9D	New York EVOLVED (Type A)	
61P0I66id16QIi08Q1918PlldOOiooql	New York EVOLVED (Type B)	
Od8ld9bQQPDddIqDQ1PloOOdQ0IQo0O9	New York EVOLVED (Type C)	
iP6qIl6lD809098io0OiPP08Ii18I6OI	NGO	
ib0l98Q00O1Do9oQq1IQOOqQOOb80bIo	nightbird lost wing	
iI96000Ib9DlIOPlDQIO00oDiO9DbPI0	Nostalgia Is Lost	
Db6odqIqQ90PIDIlD1DIb8l09ol6qIDl	No Tears Left to Cry	https://zenius-i-vanisher.com/simfiles/DDR%20A20%20%28Beta%29/No%20Tears%20Left%20to%20Cry/No%20Tears%20Left%20to%20Cry.sm
81qibDQqq8idiD1lQqq0qdqD6i6q1QDb	No.13	
DbQbDQOl0lII16ib1081d6ddIodD0P9I	oarfish	
OQb96d6qD9bPdD819QO0b88blIllldoi	One Sided Love	
blDbDqdo1D0odlQd9biIoio8ioQPb80i	only my railgun	
OPDQ9Oi8I6D1I1iqi8iOiP0bDI9Pl86P	on the bounce	
d88boiQ609PO8ODDo6IliPIb69I80dlP	On The Break	
99OQb9b0IQ98P6IQdPOiqi8q16o16iqP	ORCA	https://zenius-i-vanisher.com/simfiles/DDR%20A20%20%28Beta%29/ORCA/ORCA.sm
1d10660Dd0IOibDI890Ild80q6ddoQO8	ORION.78(AMeuro-MIX)	
61ido0DPl8q0dI1i011Do1b6669dPIlo	ORION.78～civilization mix～	
ldDD06dIQ0qQPD9OI88P90OOi0bQPD1O	osaka EVOLVED -毎度、おおきに！- (TYPE1)	
8006PP188Qldob68ld6OPqlbl1biod6D	osaka EVOLVED -毎度、おおきに！- (TYPE2)	
di088lOPlqQ1OoQIbilI1P0q119i8o9O	osaka EVOLVED -毎度、おおきに！- (TYPE3)	
QD8D6IQ1QoOPIPIIbI10QDOdd96OPIQi	#OurMemories	https://zenius-i-vanisher.com/simfiles/DanceDanceRevolution%20A%20%28AC%29%20%28International%29/OurMemories/OurMemories.sm
QI06q9lPIoo80DlI18Ooi6dbPl89bqi0	Our Soul	https://zenius-i-vanisher.com/simfiles/DDR%20A20%20%28Beta%29/Our%20Soul/Our%20Soul.sm
I6qdO8Di181P6Q9Ooq0d8d0DOdq1dOOQ	out of focus	https://zenius-i-vanisher.com/simfiles/DanceDanceRevolution%20A%20%28AC%29%20%28International%29/out%20of%20focus/out%20of%20focus.sm
P1boP1O60bdI16i6lqqd1Q8ioiPbolqd	ΩVERSOUL	https://zenius-i-vanisher.com/simfiles/DDR%20A20%20%28Beta%29/OVERSOUL/OVERSOUL.sm
6bid6d9qPQ80DOqiidQQ891o6Od8801l	Over The “Period”	
06loOQ0DQb0DqbOibl6qO81qlIdoP9DI	PARANOiA	
I8bQ8ilD9l1Qi9Q9iI0q6qqqiolo01QP	PARANOiA(X-Special)	
PP1q0iii1D6Dq9QOd0qqDOQD0160QoPD	PARANOiA ETERNAL	
ioQP0b6I11Do1OQPIQ6OIDiPODD0l0dd	PARANOiA ETERNAL(X-Special)	
DPQo8Q0l9D8IPiDiq11l8OI6i11OOb6O	PARANOIA EVOLUTION	
o6oqqiOOb9Pob66loQoQddlDP6PP69lo	PARANOIA EVOLUTION(X-Special)	
io1d1Dq80Di08O1Pb9bQ8DoP9d9Ooi90	PARANOiA ～HADES～	
9doPbId8qid9I9l6ooloPQD1lq1Plb6I	PARANOiA KCET ～clean mix～	
dQPPd10QO9d8IiOiIi8iDD1Qdq8lQli0	PARANOiA (kskst mix)	
Pl0dPid9lQDo6PDQDqPboPqO6iIDIqoo	PARANOiA MAX～DIRTY MIX～	
dQ69Oqd0Do8Dodd6bQD9l16Olo9P01DQ	PARANOiA MAX～DIRTY MIX～(X-Special)	
0lDP0P06PIPl1iiIDOb919iqo1oPdlP8	PARANOiA Rebirth	
o6bPdI8O089O8lbl8OlIb1lPo8o1lODQ	PARANOiA Rebirth(X-Special)	
IP00ID9bdlOoP9o9lo1qlO0D1Pdo9I8l	PARANOiA-Respect-	
606b9d6OiliId69bO9Odi6qq8o8Qd0dq	PARANOiA Revolution	
O9Id8Qi6OIDIQ6bPi610q0001l1P099q	PARANOIA survivor	
68iQ9666QIQP1IOQbbd9989DQQ1D0dOl	PARANOIA survivor MAX	
qDIdbDO1OiDPqd1i60Dd6OPOlO90D10Q	Party Lights	
oQQqlb666o69DDOQoboOI1b1q09lQ9P6	Party Lights (Tommie Sunshine's Brooklyn Fire Remix)	
09oIbO1bi8O8Q1o01q610ID0qPOqoQQP	Party Rock Anthem	https://zenius-i-vanisher.com/simfiles/DDR%20A20%20%28Beta%29/Party%20Rock%20Anthem/Party%20Rock%20Anthem.sm
8PQooio0ilPoQ8Di66I19QOQP90Ddbdi	PASSION OF LOVE	
DD6olq00PD91odbO9QbldDb0bQ18oqo1	Pierce The Sky	
O09lbd0I8D0DI08O06l6iiI0i11I1iIb	Pink Rose	
6oI9d9lO6Q0iDD8dIIO08qIODiqiIqDl	Plan 8	
i66lIl9D60DPq0dQ0O9666ID8bPlID9i	Playa (Original Mix)	
oi6P9Oq19ooo00bDiPQ809DQQQD8qPlD	Play Hard	https://zenius-i-vanisher.com/simfiles/DDR%20A20%20%28Beta%29/Play%20Hard/Play%20Hard.sm
dD6PqbboDil89DPIID86Pldi6obI1b8l	Pluto	
0IldoDlDQql99DqQo0Qq9ioPIiiPoIoi	Pluto Relinquish	
PIO8dod8P9OOP1bi0D1POIi6OdOdQDql	Pluto The First	
l609D9lOqbDP6iIld1dI18l888dODQ6Q	Polovtsian Dances And Chorus	
O6q0qIQdII9086d9q6o0D1PO06liQ9iO	Poochie	https://zenius-i-vanisher.com/simfiles/DanceDanceRevolution%20A%20%28AC%29%20%28International%29/Poochie/Poochie.sm
1PiiOiQoq8dbdi819q9Ild966o6o19QQ	Poseidon	
qD6q1PD0lIDP89DPDbOOIdq0Pi8iIdD6	Poseidon(kors k mix)	
q6di1DQbi88i9QlPol1iIPbb8lP1qP1b	POSSESSION	
o1Od8IPqddIP0oIPod81PDodPo1qo88o	POSSESSION(EDP Live Mix)	
19q96Q8l1oqbD0OQq6biDbO6O1oqqb6O	POSSESSION (20th Anniversary Mix)	http://zenius-i-vanisher.com/simfiles/DanceDanceRevolution%20A%20%28AC%29%20%28International%29/POSSESSION%20%2820th%20Anniversary%20Mix%29/POSSESSION%20%2820th%20Anniversary%20Mix%29.sm
P0iOob80dDPqI8oIqq1dOiDd9qilQqDl	PRANA	
D8q1ObblD0i6liQ0OD6OdD0qIo9oPldb	PRANA＋REVOLUTIONARY ADDICT (U1 DJ Mix)	
i916bDibPI9l869o9IIQb8DbO9bPDi6q	Prey	https://zenius-i-vanisher.com/simfiles/DanceDanceRevolution%20A%20%28AC%29%20%28International%29/Prey/Prey.sm
1PoOQPd0D01Q9O0doiQQQ8D8Q096bDq9	printemps	
0dOi10q9Q6oi0Q9960iQQDO6olqlDDqo	Private Eye	
1DPD60Q8D1qD8i80P160bqDQ81DObDlP	Procyon	https://zenius-i-vanisher.com/simfiles/DDR%20A20%20%28Beta%29/Procyon/Procyon.sm
Pld9iO6oi9qlDD08l8QDdIi6d6Q6iDd1	Programmed Universe	
99q8i8bPldDbio919ob0DPi0bqdIoobi	Puberty Dysthymia	https://zenius-i-vanisher.com/simfiles/DanceDanceRevolution%20A%20%28AC%29%20%28International%29/Puberty%20Dysthymia/Puberty%20Dysthymia.sm
IIDiDdQ1d6bIqbld9IdO106POdiPO6PO	PUNISHER	
bl90QbiqoOlDI6iQQQdo0Iol6PIdQblP	Pursuer	https://zenius-i-vanisher.com/simfiles/DanceDanceRevolution%20A%20%28AC%29%20%28International%29/Pursuer/Pursuer.sm
DQlQ1DlPbq900oqdOo8l0d6I1lIOl99l	PUT YOUR FAITH IN ME	
bllQi9boq8qobOQDOD6QDio9lii8109i	PUT YOUR FAITH IN ME (DA's Twinkly Disco Remix)	
IQqOIb6ob8bIbOII66ID0oIQDPl6bdbb	PUT YOUR FAITH IN ME (Jazzy Groove)	
OI01b6I6OQ9IdQidll890oqlOPDql9ol	PUT YOUR FAITH IN ME ～SATURDAY NIGHT MIX～	
091IQQ1PqOdIl9ioPQDdO60Dq069DP69	puzzle	
diDO6qoqo9li6qDdidDiqO9bi8lOP8ib	Qipchāq	
QI96D9PqIQ90PidPQPdbqbi0q9q8lQbb	Quickening	
D01oOb0IOQ1bbIIdi88O0d80Qo9dblqP	Quick Master	
qbDidIlodPP6PqI00D18P6dDbioIdDPD	rainbow flyer	
0OQdlbo111ib1i88IdIPIbollD68Dii1	rainbow rainbow	
Qo9l6l6lq0q618bQOb8d6qiooiiPQqoI	rain of sorrow	
Ol8PPooqO8iOqQ6900o0q0QI9dPo0O0b	Rampage Hero	https://zenius-i-vanisher.com/simfiles/DDR%20A20%20%28Beta%29/Rampage%20Hero/Rampage%20Hero.sm
60qiDd000qDIobO0QI916i18bbolO919	Raspberry♡Heart(English version)	
POq8OPlOO9199i11Od0P00801Qo01DQo	Reach The Sky, Without you	https://zenius-i-vanisher.com/simfiles/DanceDanceRevolution%20A%20%28AC%29%20%28International%29/Reach%20The%20Sky%2C%20Without%20you/Reach%20The%20Sky%2C%20Without%20you.sm
IDldD8o8P8dbIP6oiDo11i10lo6bP6oQ	real-high-SPEED	
8qPoPbql190Pi9086ildIlQOqlPoQdP9	REBORN MAGIC	
81QD89Q6Ob911oOoobO0D98IQ1D1q60d	RED ZONE	
ODdoiODodb0ddIP06IqDQdl100q0dIP6	Re:GENERATION	https://zenius-i-vanisher.com/simfiles/DDR%20A20%20%28Beta%29/Re-GENERATION/Re-GENERATION.sm
ll6iQl0PoiDob8Oi6dlOQ069061doqbq	Rejoin	https://zenius-i-vanisher.com/simfiles/DanceDanceRevolution%20A%20%28AC%29%20%28International%29/Rejoin/Rejoin.sm
qo6l9dbb8D0iDQI1odo0Qb9O1ibDdoIb	Remain	
iO90Qo66I88P1IdDldo1oIqb8bldqDI6	Rescue Me	
1Ob9Il9bOQdbOQbq00oi1qoo1o1dPoI0	resonance	
PbQ8Q9ol09I18IIb0d6iO8i9ODID10iO	Resurrection	
IPq8dO1lD8qidDlI0ObboI9IIldQO6IQ	RЁVOLUTIФN	
O0Id19qQlDibiDdIP90o81bOo16qbQ0o	REVOLUTIONARY ADDICT	
P8IQ8blOl1i08oP18i06Oq1iP9biP6Do	Rhythms Inside	
q11d0oiQIlbP91dqqddPq9D80lbODbDi	Right on time (Ryu☆Remix)	
1qPOO8o9089lI1qQIDIDi0lidob9i6lq	Right Time Right Way	
60P9IPOdi1OIbD61D8i0D9ODoq6QOIPO	RISING FIRE HAWK	https://zenius-i-vanisher.com/simfiles/DanceDanceRevolution%20A%20%28AC%29%20%28International%29/RISING%20FIRE%20HAWK/RISING%20FIRE%20HAWK.sm
iQqbdqOlqlPP11d1qI8lO6iQb19dO991	Romancing Layer	
odd1O0boo1boqDb0dIOQdQi1IqdO1DQd	roppongi EVOLVED ver.A	
QobO6O8iQP6I16l0I8QPd0Iq6iQ1loQ6	roppongi EVOLVED ver.B	
lb9Qo61bbOdQidlQQD8DP8199Q911Id9	roppongi EVOLVED ver.C	
l8q6diIod06OdP11P6I8oIddiPo16DPd	roppongi EVOLVED ver.D	
dIQDOoO80odDP8OiOQIQ9oI0o99OdQDQ	SABER WING	
PIP60POo0dDQlIiqO9bIQ1oddQD8P9Il	SABER WING (Akira Ishihara Headshot mix)	
Do6oPoo1QbOPo9DIii0Q0180l8b1Doqi	SABER WING (satellite silhouette remix)	
qOQQ1qdQPPQ1bbdPldPlIil99IDoPi61	Sacred Oath	
iObdoO9b1O9o8dP8o0id9b1QioQ0q9q9	S・A・G・A	
QQd9l19POblQdPdd61OD808DQ1qOQ9dl	Sakura Mirage	
0Pq6o89llQl10dl8O0DdP6lIO0ib6Doq	Sakura Reflection	https://zenius-i-vanisher.com/simfiles/DanceDanceRevolution%20A%20%28AC%29%20%28International%29/Sakura%20Reflection/Sakura%20Reflection.sm
ib19PQ61bi0lI8qi98IQ8dOqOoP91olq	sakura storm	
6lD1ooDi8Pdl0OlO0QoIioI8119I0PPq	Sakura Sunrise	
9iOoPoQ998qD66DoOOOqD9oDQD88P8I0	Samurai Shogun vs. Master Ninja	
QiQi666Qd9I6d1899iii80PdQdDlO1i1	Sand Blow	
o9l8Id0D1lQdl1o9DDIPbO6q998lq8bd	Saturday Night Love	
dDldd8OlbPQDoD80dO0DiDOiIoP1PQoD	Saturn	
oQ1PPlOd8Ilb8I1I6biqO0lQPIoOldP1	Scarlet Moon	
16Pio809ID669Di8OoPblQO0lDq668dQ	Scorching Moon	
loP08P1PPi990lPD0O060d888O9o6qb8	Seasons	
9bI0dQdb01Dl1bQq1Pq998i0l096D99P	Second Heaven	
d1bQ1iIb0I1PoPOQqliIo9PiQQb1119d	second spring storm	
Db9D6Old6lIo01q0qlQ0dD1oDdbdob8I	Secret Rendez-vous	
oIQo8IQPbobO6bioiqqdP6P6O8898DOQ	SEDUCTION	
PO1olqI8DiDiO0loDIIQ08oPd910bQbQ	SEDUCTION(Vocal Remix)	
Qbbqd9O98bl0DobQ9l6blO8iOPP8QdDd	Sephirot	https://zenius-i-vanisher.com/simfiles/DanceDanceRevolution%20A%20%28AC%29%20%28International%29/Sephirot/Sephirot.sm
D0Q0oIDDqoQd0IQddi1IiD16dO16O88o	Seta Para Cima↑↑	https://zenius-i-vanisher.com/simfiles/DDR%20A20%20%28Beta%29/Seta%20Para%20Cima/Seta%20Para%20Cima.sm
qbl10iqqdO1Do1dIq181Pl6oi8QilQo1	Seule	
60QoP9DoIo90D616989Q0D0iodOoOd91	SEXY PLANET	
O06Id8PIDbDblO109ddi1dldd0bqDdQ1	SEXY PLANET(FROM NONSTOP MEGAMIX)	
qo6Ib8QqqDd16i91d8dlQoqIq08bo68d	Shades of Grey	
9P16o1bO16PDDObloibo1Il8IIDdo869	Share The Love	
0qDb0d9oIoQPP1Ql0o0OOPoPDbQ699Iq	She is my wife	
q1o901oPqbbI1Q61qo688bDd0Pqlb08l	Shine	
006ob1iI9b1I8dDl0dq1bqIOP8886li1	☆shining☆	
b6ldDOq9qi1IiIIdiIl1108q1iQ9O6d6	Shiny World	
Dbd0o8iob1D0990DDIOIIQ6bQqdDQ6ID	SHION	https://zenius-i-vanisher.com/simfiles/DanceDanceRevolution%20A%20%28AC%29%20%28International%29/SHION/SHION.sm
6oolbQ0QiO90Dd0DQbb1D86d8q88id86	Show me your moves	https://zenius-i-vanisher.com/simfiles/DanceDanceRevolution%20A%20%28AC%29%20%28International%29/Show%20me%20your%20moves/Show%20me%20your%20moves.sm
qPi8qIqO1lQd08b01PiPlql9O1dOPDPq	Shut Up and Dance	https://zenius-i-vanisher.com/simfiles/DanceDanceRevolution%20A%20%28AC%29%20%28International%29/Shut%20Up%20and%20Dance/Shut%20Up%20and%20Dance.sm
qq8qDqqPQdP0loDI6DDO9d6dQ601iOID	siberite	https://zenius-i-vanisher.com/simfiles/DanceDanceRevolution%20A%20%28AC%29%20%28International%29/siberite/siberite.sm
QOPioi8P81q9l0QiP6q06b06bdOO8b1O	S!ck	https://zenius-i-vanisher.com/simfiles/DanceDanceRevolution%20A%20%28AC%29%20%28International%29/S%21ck/S%21ck.sm
qoDOoP99lq8bd19iqiloObQDqD8QbOq0	SigSig	
80bQi8IQ8o1iidqd6oQiDPQoPi909olq	Silent Hill	
oio6bqP08PPoP9qIq1oi9Dib9PIq9l11	Silent Hill (3rd christmas mix)	
Q6ql0lOOdq90DI1PqO1bd10bP0Oi8Q0Q	SILVER☆DREAM	
bi1Obd9i99P0O9PqQ1l1P6P6o1IOi11P	Silver Platform - I wanna get your heart -	
D6o8lIiDQ80oi6iIbiP9DlOPIl0Q8d69	Six String Proof	https://zenius-i-vanisher.com/simfiles/DDR%20A20%20%28Beta%29/Six%20String%20Proof/Six%20String%20Proof.sm
idI1dd69l1il16P0d9DoldDP1QDP0911	Ska Ska No.3	
IbI90PiioDlqPP19D1odPPbP1PP0009O	SKY HIGH (20th Anniversary Mix)	https://zenius-i-vanisher.com/simfiles/DDR%20A20%20%28Beta%29/SKY%20HIGH%20%2820th%20Anniversary%20Mix%29/SKY%20HIGH%20%2820th%20Anniversary%20Mix%29.sm
08IP8i1qIbQIoP9DiP11IdP190Q98lil	Sky Is The Limit	
Dqb08DI0Ii8ilD0lioi9o9D1dodl6dO0	Skywalking	https://zenius-i-vanisher.com/simfiles/DDR%20A20%20%28Beta%29/Skywalking/Skywalking.sm
86688l9096PdIqDPl8qoQ10dI8Ioi86l	Slip Out	
lb1l0DibId6Pb9ddlqlDoP6d6oD0o0IP	Slip Out (bounce in beat mix)	
OdldObODIdilOP0QqI0b1oO1diqdq61b	Small Steps	https://zenius-i-vanisher.com/simfiles/DDR%20A20%20%28Beta%29/Small%20Steps/Small%20Steps.sm
odliP8d18DQi0b8lPbPI1PdoQ0PDd0IP	Smiling Passion	https://zenius-i-vanisher.com/simfiles/DanceDanceRevolution%20A%20%28AC%29%20%28International%29/Smiling%20Passion/Smiling%20Passion.sm
1l01billdl6oPP96Pq8d0lbbblQI8i8l	smooooch･∀･	
OQbdD9iD898Q01oIddDliq8q9D1QlQ1I	snow prism	
8qd0DIiiQ6dPl1b6b0OqDob6i0d1dQP1	SODA GALAXY	https://zenius-i-vanisher.com/simfiles/DDR%20A20%20%28Beta%29/SODA%20GALAXY/SODA%20GALAXY.sm
D06P88iOlIdbbQ1Qd8OOI11dQoq0iOqd	SO IN LOVE	
dPbOQdio1OI8OOI6OlOIqI1Ii18i8ID0	sola	
0ol981b18biO0610IqPi9l6Db86PbIQ9	someday...	
60dq6Plo0do9iQOl6ql111P9OPd9i01l	Somehow You Found Me	
6ObP9i0qi1ibbi9DOd6bOOOd6Q9dlPi6	Something Just Like This (Alesso Remix)	https://zenius-i-vanisher.com/simfiles/DDR%20A20%20%28Beta%29/Something%20Just%20Like%20This%20%28Alesso%20Remix%29/Something%20Just%20Like%20This%20%28Alesso%20Remix%29.sm
oi9q8DQ1QddP1699qIbqP886iOIPI16I	Something Special	
o1QoI9dQ1i89bPl1oDl6999861obD0qI	SOUL CRASH	
i86bPlP6ioldqb1OqPqidboqqQ8dQqdl	south	
bo6PqbbPQ6D096OIP6dDPbPPiDi88609	Spanish Snowy Dance	
D9odQ60DDolq9QI9DDl98DIobdPPIil9	Special One	https://zenius-i-vanisher.com/simfiles/DanceDanceRevolution%20A%20%28AC%29%20%28International%29/Special%20One/Special%20One.sm
9DI8iOP0660lb968I6Oiiid6DQ68IbOO	SPECIAL SUMMER CAMPAIGN!	
b1do8OI6qDDlQO0PI16868ql6bdbI886	Splash Gold	https://zenius-i-vanisher.com/simfiles/DDR%20A20%20%28Beta%29/Splash%20Gold/Splash%20Gold.sm
1P9qQdiiodODqQPl0OO88iiiqdoDIPO6	SP-TRIP MACHINE～JUNGLE MIX～	
dDO8ili1081QQIb86POQ8qd0P111011o	SP-TRIP MACHINE～JUNGLE MIX～(X-Special)	
D9I8d1PDOQ8QqP1o1IIi0o8d6660ddOQ	Squeeze	
QD0q90q9PIl9PdqqO9D9DO09DbiODOI6	Star Gate Heaven	
6I0d1d8d690dl8boOb60O1Iq1Ddi6P8d	Star Gate Heaven (FUTURE LOVE Mix)	
bb9lOdO0Pbb1qOIb1oQq8lPlI9i6IP8q	Starlight Fantasia	
1QqObIQPDOq6bI6iOqDiiI66oDQQidlb	Starlight Fantasia (Endorphins Mix)	
bbiPqbo0lQq9P19i06q690blI91dbbq6	Starlight in the Snow	https://zenius-i-vanisher.com/simfiles/DDR%20A20%20%28Beta%29/Starlight%20in%20the%20Snow/Starlight%20in%20the%20Snow.sm
l666Dd0bIO9O69boPd898b19bPDo1IdO	starmine	
oQPdiPPdQO1Ob6DqDi0l0q0PDP06QlO0	Starry HEAVEN	
80OqPo1D6lD616lIDI1IPq0oPllld6b1	Starry Sky	https://zenius-i-vanisher.com/simfiles/DDR%20A20%20%28Beta%29/Starry%20Sky/Starry%20Sky.sm
bq1O60D90Qbb6iPoi90Ii9olQOIO0Ib1	STARS☆☆☆（Re-tuned by HΛL） - DDR EDITION -	
6qQb9I0QbD89IID9b9iOPdO6dbqPDolQ	STARS☆☆☆(2nd NAOKI's style)	
l08bl1dddob81IP1IbQqbDbiPo9l069l	Start a New Day	https://zenius-i-vanisher.com/simfiles/DanceDanceRevolution%20A%20%28AC%29%20%28International%29/Start%20a%20New%20Day/Start%20a%20New%20Day.sm
I1DiOI16Id0qdlqbQ6ObPlilDP1oiI98	Star Trail	https://zenius-i-vanisher.com/simfiles/DanceDanceRevolution%20A%20%28AC%29%20%28International%29/Star%20Trail/Star%20Trail.sm
6lqoOddiPQ6D6160bOdP116bQdIliII8	STAY (Organic house Version)	
olDoq69qD008Q9bb8d9OOlPO160Qd0dq	Stay 4 Ever	https://zenius-i-vanisher.com/simfiles/DDR%20A20%20%28Beta%29/Stay%204%20Ever/Stay%204%20Ever.sm
b0DP0oqbid0iIQ6D88dDIiiDiq9oi19Q	stealth	
OPQQo1idQoqOq88lIPOQo6DooiP8QO9d	Stella Sinistra	
ooo6qID66I6191bQib1QQdlPoio6Iodl	STERLING SILVER	https://zenius-i-vanisher.com/simfiles/DanceDanceRevolution%20A%20%28AC%29%20%28International%29/STERLING%20SILVER/STERLING%20SILVER.sm
oqPii6QDdPOI6lDDQ96DOI8ill61bobd	STERLING SILVER (U1 overground mix)	https://zenius-i-vanisher.com/simfiles/DanceDanceRevolution%20A%20%28AC%29%20%28International%29/STERLING%20SILVER%20%28U1%20overground%20mix%29/STERLING%20SILVER%20%28U1%20overground%20mix%29.sm
Qb90bo6I0Pd9181iIoOPoqPOOOQq6dQ1	STILL IN MY HEART	
DOOb99dlP8PdIbDOQIqoqll60Iob9189	STILL IN MY HEART(MOMO MIX)	
OoIPPqIDbQ6qIb69q8dil0iq0l6q6DQD	stoic (EXTREME version)	
oDD1DQ161816dd9Dl8IioOoi9OQdO01O	Straight Oath	
0i68q1iQblI1Pb8QqoQ90i6ddPiqdq8b	Strawberry Chu♡Chu♡	https://zenius-i-vanisher.com/simfiles/DanceDanceRevolution%20A%20%28AC%29%20%28International%29/Strawberry%20Chu%20Chu/Strawberry%20Chu%20Chu.sm
li6dD9b8dboOd9bbqli886lDl08IPQ00	StrayedCatz	https://zenius-i-vanisher.com/simfiles/DanceDanceRevolution%20A%20%28AC%29%20%28International%29/StrayedCatz/StrayedCatz.sm
1idIoi66ll806D8ddldOQi8bdiDO0Oil	Struggle	
oo6iiQQbqQ98D9oP6OQPibIqIPd66Qb0	STULTI	
P8od0Q9DO8i9dl881oPQQIOIIq1Q9Oi9	Sucka Luva	
i90o9Q0D91bb0Q6qIQ1OiDqqiPPP98oI	Summer Fairytale	
loD6oi96869O8ilii1QPOPDoP91l1PQQ	Summer fantasy (Darwin remix)	
61IoqIoODb6dlQlQqd99b90idO9QP9iI	SUNKiSS♥DROP	
D1I09111OiQPiDi9doqP9b1PlO1PqII8	SUN² SUMMER STEP!	https://zenius-i-vanisher.com/simfiles/DanceDanceRevolution%20A%20%28AC%29%20%28International%29/SUN2%20SUMMER%20STEP%21/SUN2%20SUMMER%20STEP%21.sm
d1PbOD8o6b6o1OqOQ98ilDQbid6dddQd	SUPER HERO	
PDODO6Qdb9iqd6q0QoI0PiI0lb8l9I6d	SUPER SAMURAI	
88do8dl8O6Ql1Qlb981lOi8D86oiq91P	SUPER STAR	
0qQ1odlooiQO99DDP6bD9bOq89669PQb	SUPER STAR(FROM NONSTOP MEGAMIX)	
Id8IPlqQodD01dPiq8oPPQoPQq6booi0	SUPER SUMMER SALE	https://zenius-i-vanisher.com/simfiles/DanceDanceRevolution%20A%20%28AC%29%20%28International%29/SUPER%20SUMMER%20SALE/SUPER%20SUMMER%20SALE.sm
obd0PDIDq8qqd9q9qdbDdqD98bd61I8D	SWEET HOME PARTY	https://zenius-i-vanisher.com/simfiles/DDR%20A20%20%28Beta%29/SWEET%20HOME%20PARTY/SWEET%20HOME%20PARTY.sm
DbibObDP860iqI11POiqQDD0i8PPOibd	Sweet Rain	
8809ol0qbbd6919bbl0b8id1669PqQ08	Sweet Sweet ♥ Magic	
9bo00PqOIDoDbO6P1116b9obolOiqPo1	switch	
8lo1IDqPDD88DObIPodOd8oQ0Q6qQ1Dd	sync (EXTREME version)	
b9IoO68b1Qd9I6O8qqoo6q1o8DQ8l9lo	Synergy For Angels	
ob86bIdI1IbIl9DoQ1bboq9Q8O6PPPoq	Taj He Spitz	
b0lI9Ili8loOb1DD6Dd8lqII60b90101	Taj He Spitz (Tommie Sunshine's Brooklyn Fire Re-Touch)	
8i1ii188q9OlD0qQ9lQ0D1OdDbldqQbI	Take A Chance	
ibiD8868D116OIqbQ1DQ1IOb8OD1qQ98	Take A Step Forward	
i1Q080DDQD81l8o0109Q6blq0oo8o69q	Taking It To The Sky	
1Q1Q8oO600lodPbio8b8d66b8do1PIlQ	TEARS	
qdbDo1oP6D9ioODd1dQO0QObObidilbP	TECH-NOID	https://zenius-i-vanisher.com/simfiles/DanceDanceRevolution%20A%20%28AC%29%20%28International%29/TECH-NOID/TECH-NOID.sm
6loP1dbiOq0Q8i9QQOI6o0iOO6bdIQOO	Tell me what to do	
IPDid8ii1iQb19lb6iqOi91O0il018Ql	Thank You Merry Christmas	
boi66iD1809o6q199bbolO0bqQ1lqI8b	The flower in your smile	
0q8b6O0qOlDql0oP80OI8i8i1088qbIb	The Heavens Above	
Q8bIDb60oPo890oi0l0O9PQd9lOb8o1Q	The History of the Future	https://zenius-i-vanisher.com/simfiles/DDR%20A20%20%28Beta%29/The%20History%20of%20the%20Future/The%20History%20of%20the%20Future.sm
8Pl1i1o0O6oIio0b681qOoDOQdPPOObb	The Island Song	
lO68Q0iPIOiOIDDd8dOPoiql9OI81DQ0	The Least 100sec	
li608di8PolqqIP808iddOqi11qDDq0Q	The legend of MAX	
1o6dQqq9P8IQ6PbQO88OI1b91P9DoqQ8	The legend of MAX(X-Special)	
q6661PIbbb1O80OQQ11iD6bP1l6bio0Q	The Light	https://zenius-i-vanisher.com/simfiles/DDR%20A20%20%28Beta%29/The%20Light/The%20Light.sm
90D66ObIiqP09oqoDoq6b908b699oqqi	The Lonely Streets	
0Ob1601118Dii9Qdii9lPbioPP6qoi1I	The Night Away (MK Remix)	https://zenius-i-vanisher.com/simfiles/DanceDanceRevolution%20A%20%28AC%29%20%28International%29/The%20Night%20Away%20%28MK%20Remix%29/The%20Night%20Away%20%28MK%20Remix%29.sm
Oq9QIlI8l11ddqbbDoQ1ql61OqlIi9lo	Theory of Eternity	
1iIoi89doDiQoo8o0ddl9PQdQP0Ili8O	THE REASON	
ODQOP1dblD6q8d160Ioi0dIoQloI6oQO	THE SHINING POLARIS	
Dbdi9P91PQl660llPQO0l86oDqi1O9Ob	The Wind of Gold	
b80qOO6l8060990qQPod1bOd8Q9d69qo	The World Ends Now	https://zenius-i-vanisher.com/simfiles/DDR%20A20%20%28Beta%29/The%20World%20Ends%20Now/The%20World%20Ends%20Now.sm
9lob1d1QPd9qiPlQOQ6l0dbodOoDPq1d	think ya better D	
PdPdbdQ1lDI18O90Q0li8QI0bo99bidd	This Beat Is.....	https://zenius-i-vanisher.com/simfiles/DDR%20A20%20%28Beta%29/This%20Beat%20Is/This%20Beat%20Is.sm
qQl6O8IdiI6991IiqDqidO96bll1qPDl	THIS NIGHT	
ld8b6iqPIiqqbb9q69l8obO66ibI96od	Ticket to Bombay	
idDdoI9bD186blQ9Q8610bIQqb86dilo	TIERRA BUENA	
99oQO1b8d9qQdPq6O1I6bd1bo1D16DP0	Till the lonely's gone	
oDIliqQl90bQo6Qil9bOiD1iO19qI1dd	TIME	
O110IdDiDlDQ66bb1o9lbqiqQq6lOid1	TimeHollow	
1i8d1DodloQiQ8doOlloDIOO9PI6OIoO	Time Of Our Lives	https://zenius-i-vanisher.com/simfiles/DanceDanceRevolution%20A%20%28AC%29%20%28International%29/Time%20Of%20Our%20Lives/Time%20Of%20Our%20Lives.sm
OddDoQ6dqi0QdQDDOO6qlO08d8bPbli1	Tohoku EVOLVED	
DIDd9l0dbi1QdQ89I6Do9bolDqdb1dPO	tokyoEVOLVED (TYPE1)	
i0b0118q8D1QlQbIbli0P0IQ0QP08QdO	tokyoEVOLVED (TYPE2)	
6OOd69q0oP8iblIIb08OQO9dq9oIq8i6	tokyoEVOLVED (TYPE3)	
lQbiI10Qo9DdD8liqPIiob61qDO9d861	TOMORROW	
D1D88PPI0PDQqOq00OI6QI1o6dPolqlI	Tomorrow Perfume	
l9i996ld6PbbiO1911OoOI8lIPQ06ID8	Top The Charts	
l66Io69ob00OoOiDOI9lIqlidbDoDq89	Towards the TOWER	https://zenius-i-vanisher.com/simfiles/DanceDanceRevolution%20A%20%28AC%29%20%28International%29/Towards%20The%20TOWER/Towards%20The%20TOWER.sm
d9QO9odlI18i96I6DQPld1iiol8ODl0o	toy boxer	https://zenius-i-vanisher.com/simfiles/DDR%20A20%20%28Beta%29/toy%20boxer/toy%20boxer.sm
ddIiQ90DblbOQQIQPIbQOdb9DdPoOQ9Q	Toy Box Factory	https://zenius-i-vanisher.com/simfiles/DDR%20A20%20%28Beta%29/Toy%20Box%20Factory/Toy%20Box%20Factory.sm
iO61Dq9iiIQO0Qbbdo1O8bdqO8dqoiio	Tracers (4Beat Remix)	
PlIiPiPoI9DIbPdIPoqQlIq61Pd8QIDo	Tribe	
OPOIPIi1OioQ98qbO100q6QiDP8dIDq6	Trigger	
0lIIil06b8q819P9lDil09o6qlqo9I1i	Trill auf G	https://zenius-i-vanisher.com/simfiles/DDR%20A20%20%28Beta%29/Trill%20auf%20G/Trill%20auf%20G.sm
POQQQqI8q69qP6Id8Ol01QI60OIoiil8	Trim	
d810q0I8q6d0l1POlIO6d66bOPb96dql	Triple Counter	https://zenius-i-vanisher.com/simfiles/DanceDanceRevolution%20A%20%28AC%29%20%28International%29/Triple%20Counter/Triple%20Counter.sm
lDOPd60Q9obl6D0q8qqdQi9lioblD1db	Triple Journey -TAG EDITION-	
Pb9II0oiI9ODQ8OP8IqIPQP9P68biqIi	TRIP MACHINE	
bql00PQ1PiboIqDQoD909Il8o1PIDiD1	TRIP MACHINE(X-Special)	
D81D8689llDiOqPq0IP19bbQQiioPl8d	TRIP MACHINE CLIMAX	
boQPliilD01OD1bIdOOIOOi0Q9P16OlO	TRIP MACHINE CLIMAX(X-Special)	
8O6b1D9PDO0ll1IO9d1ODDPPo0QPQbob	TRIP MACHINE EVOLUTION	
qQ9Oo611P0dObD8q6O0Q968bbl8I91OO	TRIP MACHINE～luv mix～	
b0QQ6OPD1dDqQ6D6IDQqlDd180Db609I	TRIP MACHINE PhoeniX	
POO9PlPq66OqIQO6Oq1i90D6Ill100il	TRIP MACHINE survivor	
l9OQPi0do19dQPO8ilq0QDbll8P8Ib6O	TRIP MACHINE (xac nanoglide mix)	
bilO9D91P1lo81oIDP6qOoqdDdQdoDlP	Truare!	
D9lq0DioIl9D6ll0d61990DP9qPPb1dP	True Blue	
oD6l698q0bQqoIOi0Dd66bqObII8QqDl	TRUE♥LOVE	
ddD8OPQoIiQi0IbDOIIdQ6dDDbPQ9bIO	Trust -DanceDanceRevolution mix-	
doqDbod0d81qP6PoPiP8b0P00PD8oboD	Try 2 Luv. U	
o9Ib8bob6b9qIDq1d09bq8q1I06Odi90	TSUBASA	
io688qld6Pqq6bI01q86illP18biq0bd	TSUGARU	
1qDD1DdPlId69010IQ18I6q8Q00IoI6D	TSUGARU (APPLE MIX)	
0l181DPDqbQPb0qQl0i0dlQd0oQPlQ6i	Twin Bee -Generation X-	
lo6bOoq86d9od6qQ9PiPibOioOQb96lP	TWINKLE♡HEART	
Po1D6bo0dQbdl91bPOl86lo8DbP9biiO	Twin memories W	https://zenius-i-vanisher.com/simfiles/DanceDanceRevolution%20A%20%28AC%29%20%28International%29/Twin%20memories%20W/Twin%20memories%20W.sm
1oIo1DliQqPol00Q1l1bPODbdOilodod	Übertreffen	
I6dI99IOolDD6l6Q1ooPIiDO8Odq0QIP	UNBELIEVABLE (Sparky remix)	
oiQliqIliq91Dl169ldqbb18OPblOb1i	Under the Sky	
99P8bDO1PqlddQqo81QOIPO60lPQqlO8	un deux trois	
8q68D8iP6lIdiP8bo9PoOib8lb9loIob	Une mage blanche	https://zenius-i-vanisher.com/simfiles/DDR%20A20%20%28Beta%29/Une%20mage%20blanche/Une%20mage%20blanche.sm
olQl6Qoi0IbobI980q9Q0QIo9qlbq1PO	Unreal	
89O8qIII0QPO0Q0l10P6dl19PlQ9d0oO	Until the End	
0b1660ibo0liI01ibOO6lD8olIb88qDi	Uranus	
Ilo6IboPOq8Q10qDOdDDoO6P989bPPi6	V ～for EXTREME～	
186dd6DQq891Ib9Ilq8Qbo8lIqb0Qoll	Valkyrie dimension	
6d6bqoOlqi8ooqOdlqdPblqol88b68QP	VANESSA	
DDqDDqDQ1Db60IiIDbIl6Pd8DPOq0q06	VANITY ANGEL	
891b0OdIdO8b9obi69b6PQlPIqDI01dO	Vanquish The Ghost	https://zenius-i-vanisher.com/simfiles/DanceDanceRevolution%20A%20%28AC%29%20%28International%29/Vanquish%20The%20Ghost/Vanquish%20The%20Ghost.sm
d1dPPII1o69IlI0d0DlPi1i1idbdPD6O	VEGA	
o6I06bPq8dqIlllbQDPP8boqdq6iQ8Qb	Vem brincar	
6bIODbPoIDlOdO66b1id0q68qdQilDd6	Venus	
8idID0Pq0O68Qb0Q69P6IDldqI91qi1O	volcano	
6DQ9D9oi66I8ODi8o0dPdOD1ibbIqIdI	voltississimo	https://zenius-i-vanisher.com/simfiles/DDR%20A20%20%28Beta%29/voltississimo/voltississimo.sm
PqPPDibPdD8qd88D0d01dqo6918b0POD	Votum stellarum -forest #25 DDR RMX-	
PPQb966D6Ql6Q8iPo68810PdDiI6D0bl	Waiting	https://zenius-i-vanisher.com/simfiles/DDR%20A20%20%28Beta%29/Waiting/Waiting.sm
96Q0Piqo9PPQoQdi9001DO6P9Piqi0dq	Waiting 4 u	
io9b89PD18ibIO8PIqb1QODliqDdqiIO	Wake Me Up	https://zenius-i-vanisher.com/simfiles/DanceDanceRevolution%20A%20%28AC%29%20%28International%29/Wake%20Me%20Up/Wake%20Me%20Up.sm
olloQOobddiIIPObP91l0qPl6oo8P9Dl	What Will Come of Me	
dbq9dPPOQ60ibOol0I6b9iQol9lD669D	Why not	
QQbiq1qQd8d1blOldi889OdQd9P1106Q	WH1TE RO5E	
qI06bbQ1dloi0IIIO1IQ1q8bdPdl6l69	Wicked Plastik	
01808Q1Q6lQQ1lP0qd80I0b0qqDd1OOP	WILD RUSH	
ibOQ0QOdIPdIbIo0oPoDDI1DqPId00li	WILD RUSH(FROM NONSTOP MEGAMIX)	
I81iP0Io9o1l9li0Iq99P1091O8DoDOd	WILD SIDE	
d6iI8ii9qi0Pi80dDQQlPq6qQo69860P	will	
8bI68oIq08d99P880bDPQ9D80O099Q10	Windy Fairy	
blI8D10Q1IDQ8Q19bi0IDlD80oD0bloi	Wings of an Angel (Fly With Me)	
Qo1qdD0Q9d11d9Id6o09P9id8lPbOQ6o	Wow Wow VENUS	
bDDd08iP8dlIlOo6iqd91dPiI1lQdOQq	xenon	
PQQd6lQlDqilqliI0IobolqIDlo0Iboq	Xepher	
8OPDQ1oQIOPdqqD18oo0lQ8OQOIbbDoP	Yeah! Yeah!	https://zenius-i-vanisher.com/simfiles/DanceDanceRevolution%20A%20%28AC%29%20%28International%29/Yeah%21%20Yeah%21/Yeah%21%20Yeah%21.sm
D0qloQo0bQliQqooQ609IP8i09old99D	You	
0qOPDqq0qld66bll9ob9iIqiiQPiQIDQ	You are a Star	
D8I68Ibib9ldQDIPIQdO6lqI61PQlPO9	You gotta move it (feat. Julie Rugaard)	
oiIob81i6d6P6qbddOP6Q0d0obQ0PID9	Your Angel	
I61ioI01IOPDPbP1OO0l98PD0iDbid0D	ZEPHYRANTHES	https://zenius-i-vanisher.com/simfiles/DanceDanceRevolution%20A%20%28AC%29%20%28International%29/ZEPHYRANTHES/ZEPHYRANTHES.sm
96QPqq0q6Id0Ii0QbD1bQqPbiDqb0lPo	ZETA～素数の世界と超越者～	
IQ0dIiDql9Q68d9ddQIiQbq1OPq8Db69	.59	
ddOOOibQ6qIi9DI1bl8b108I1Ib6QDl9	1998	
i9Pidb18b9O8bdqQ91QQP0oPdIdIODq1	30 Lives (Up-Up-Down-Dance Mix)	
Q96bO9D61lib19IiIi0i69P80bo6q69Q	321STARS	
80Q1idDo6O6Db0106b0q6qbOP1P8QQb0	39	https://zenius-i-vanisher.com/simfiles/DanceDanceRevolution%20A%20%28AC%29%20%28International%29/39/39.sm
l1ODQ1bO9POQ6d8O0Iobbio11qb6O6bd	50th Memorial Songs -二人の時 ～under the cherry blossoms～-	https://zenius-i-vanisher.com/simfiles/DDR%20A20%20%28Beta%29/50th%20Memorial%20Songs%20-futari%20no%20toki%20~under%20the%20cherry%20blossoms~-/50th%20Memorial%20Songs%20-futari%20no%20toki%20~under%20the%20cherry%20blossoms~-.sm
bP10qq9dPDDqIl16lPIDDd8b00dIIP08	50th Memorial Songs -Beginning Story-	https://zenius-i-vanisher.com/simfiles/DDR%20A20%20%28Beta%29/50th%20Memorial%20Songs%20-Beginning%20Story-/50th%20Memorial%20Songs%20-Beginning%20Story-.sm
0IIO08bII0QQDOdobqbl8Ib8Q8O8q1li	50th Memorial Songs -Flagship medley-	https://zenius-i-vanisher.com/simfiles/DDR%20A20%20%28Beta%29/50th%20Memorial%20Songs%20-Flagship%20medley-/50th%20Memorial%20Songs%20-Flagship%20medley-.sm
D0iDbio81PIbI8dD6QOIP9IidDOP0PDP	50th Memorial Songs -The BEMANI History-	https://zenius-i-vanisher.com/simfiles/DDR%20A20%20%28Beta%29/50th%20Memorial%20Songs%20-The%20BEMANI%20History-/50th%20Memorial%20Songs%20-The%20BEMANI%20History-.sm
Dd98lDdo8Ob698d9qbO9iD0PqO19oQbI	8000000	
id9oObq9P6Q6Pq6lQPqI88OP1DD8D0O1	888	
00obPO6oPIPOoD9qb0dIl6q6D8P6o9bI	IX	